EOG092R000C	Complete	chr10_A_Pt	423624	441611	2607.4	2363
EOG092R000I	Complete	chr4_A_Pt	1536051	1553012	2467.7	2248
EOG092R002M	Complete	chr10_A_Pt	4703748	4713069	1540.8	1499
EOG092R002N	Complete	chr17_A_Pt	315676	323968	1731.4	1475
EOG092R002P	Duplicated	chr14_A_Pt	1027794	1036049	3182.5	1809
EOG092R002P	Duplicated	chr2_A_Pt	7316594	7324639	3186.8	1812
EOG092R002R	Complete	chr1_A_Pt	1195314	1204588	2456.4	1904
EOG092R0036	Complete	chr1_A_Pt	3929062	3938462	1026.0	892
EOG092R0037	Complete	chr2_A_Pt	1676859	1684630	3354.0	1860
EOG092R003W	Complete	chr4_A_Pt	1763481	1771212	1205.6	1408
EOG092R003Y	Complete	chr2_A_Pt	3343422	3350773	1523.2	1316
EOG092R004L	Complete	chr1_A_Pt	9443223	9450466	3058.3	1863
EOG092R005X	Complete	chr16_A_Pt	3632775	3636983	1455.6	892
EOG092R0065	Complete	chr1_A_Pt	8382684	8388887	454.5	398
EOG092R006C	Fragmented	chr18_A_Pt	3931188	3943151	1738.3	1455
EOG092R007J	Complete	chr18_A_Pt	4334263	4336688	501.9	325
EOG092R0089	Complete	chr11_A_Pt	2450282	2456249	2930.7	1524
EOG092R008D	Complete	chr3_A_Pt	129184	134176	853.0	773
EOG092R009A	Complete	chr1_A_Pt	7096692	7108771	2137.6	1348
EOG092R009I	Complete	chr8_A_Pt	4145598	4152853	1928.0	1342
EOG092R00AR	Complete	chr9_A_Pt	6969900	6977198	1807.4	1495
EOG092R00BP	Complete	chr14_A_Pt	5245303	5252172	1468.3	1190
EOG092R00D3	Complete	chr8_A_Pt	6290878	6296976	1521.9	875
EOG092R00DU	Complete	chr15_A_Pt	4161548	4168459	1418.6	1262
EOG092R00E1	Complete	chr2_A_Pt	7711990	7719825	933.9	1006
EOG092R00GS	Complete	chr6_A_Pt	3409496	3413791	692.3	629
EOG092R00H5	Complete	chr10_A_Pt	6186179	6192607	1441.5	969
EOG092R00H7	Complete	chr3_A_Pt	5401454	5406744	1192.1	781
EOG092R00HC	Complete	chr6_A_Pt	4901153	4906104	1631.5	1110
EOG092R00HK	Complete	chr10_A_Pt	215205	221032	1245.9	1174
EOG092R00HN	Complete	chr9_A_Pt	6143129	6158374	907.4	900
EOG092R00IN	Complete	chr9_A_Pt	3272645	3277537	910.4	763
EOG092R00IT	Complete	chr14_A_Pt	2988686	2995293	1073.0	980
EOG092R00JG	Complete	chr1_A_Pt	8368662	8374629	542.5	409
EOG092R00K3	Complete	chr11_A_Pt	6230204	6239820	571.4	878
EOG092R00K7	Complete	chr5_A_Pt	2532359	2540833	464.7	680
EOG092R00KS	Complete	chr15_A_Pt	944120	948349	1572.9	1052
EOG092R00LO	Complete	chr2_A_Pt	6214042	6221602	911.8	1594
EOG092R00LR	Complete	chr17_A_Pt	3995508	4000007	1606.0	1054
EOG092R00LZ	Complete	chr1_A_Pt	9346313	9350467	1540.5	918
EOG092R00MF	Complete	chr9_A_Pt	5995546	6011555	826.1	1350
EOG092R00MU	Complete	chr4_A_Pt	2276108	2301023	1298.2	893
EOG092R00N4	Complete	chr1_A_Pt	1539455	1553420	1229.4	977
EOG092R00NJ	Fragmented	chr4_A_Pt	4351709	4361365	1855.2	967
EOG092R00NQ	Complete	chr9_A_Pt	6034129	6039335	1099.0	884
EOG092R00O2	Complete	chr1_A_Pt	318647	322482	512.4	503
EOG092R00OU	Complete	chr16_A_Pt	2398381	2403484	573.5	582
EOG092R00QB	Complete	chr2_A_Pt	5494567	5499157	2114.1	1074
EOG092R00QP	Complete	chr7_A_Pt	146640	151300	1495.5	946
EOG092R00QR	Complete	chr5_A_Pt	4077380	4082067	1319.8	858
EOG092R00QT	Complete	chr7_A_Pt	6393993	6402049	1270.3	796
EOG092R00RF	Fragmented	chr18_A_Pt	196878	204926	822.8	567
EOG092R00RR	Fragmented	chr1_A_Pt	8712734	8722531	263.2	293
EOG092R00TL	Complete	chr9_A_Pt	4554834	4560973	1510.7	1085
EOG092R00TN	Complete	chr11_A_Pt	2499490	2505982	1067.7	1193
EOG092R00TW	Complete	chr4_A_Pt	1011714	1017031	903.3	860
EOG092R00U5	Complete	chr5_A_Pt	1758558	1762760	1789.6	958
EOG092R00UA	Complete	chr12_A_Pt	2440821	2446348	678.8	768
EOG092R00UP	Complete	chr9_A_Pt	901136	906505	1904.0	1004
EOG092R00V6	Complete	chr12_A_Pt	162109	166793	1020.5	799
EOG092R00VH	Complete	chr12_A_Pt	5139936	5146502	1374.5	1042
EOG092R00VP	Complete	chr11_A_Pt	1189534	1194620	421.1	762
EOG092R00VV	Complete	chr1_A_Pt	6935553	6943378	322.3	715
EOG092R00WG	Complete	chr18_A_Pt	2656907	2662512	687.2	827
EOG092R00XS	Complete	chr1_A_Pt	7694558	7699336	911.5	966
EOG092R00XY	Complete	chr7_A_Pt	2391404	2396227	680.1	686
EOG092R00YY	Complete	chr12_A_Pt	2503168	2507835	1791.3	924
EOG092R00ZY	Complete	chr14_A_Pt	603032	607660	635.7	1001
EOG092R0100	Missing
EOG092R0104	Complete	chr12_A_Pt	2659916	2665224	785.0	875
EOG092R0112	Complete	chr9_A_Pt	3935713	3940212	1486.2	871
EOG092R0115	Complete	chr3_A_Pt	1562532	1567264	1002.5	725
EOG092R011X	Complete	chr16_A_Pt	1925813	1928328	515.0	373
EOG092R011Y	Complete	chr7_A_Pt	6052981	6058862	1282.2	1264
EOG092R0120	Complete	chr15_A_Pt	77123	84279	1340.6	1716
EOG092R013F	Complete	chr11_A_Pt	6693238	6696452	280.3	433
EOG092R013M	Complete	chr3_A_Pt	478469	488308	1756.8	996
EOG092R0145	Complete	chr10_A_Pt	2403952	2408856	556.9	411
EOG092R0149	Complete	chr4_A_Pt	2768193	2771446	331.1	436
EOG092R014B	Complete	chr2_A_Pt	4481042	4484621	447.3	582
EOG092R014H	Complete	chr8_A_Pt	6429880	6434607	1704.0	942
EOG092R014P	Complete	chr10_A_Pt	7031944	7036828	889.3	868
EOG092R015U	Complete	chr11_A_Pt	1090206	1095849	700.2	687
EOG092R016F	Complete	chr4_A_Pt	3988539	3999693	1158.7	1065
EOG092R0171	Complete	chr9_A_Pt	3330475	3334911	1607.6	879
EOG092R0185	Fragmented	chr2_A_Pt	3185732	3195714	446.2	599
EOG092R018U	Complete	chr11_A_Pt	1931048	1939532	925.8	1060
EOG092R0193	Complete	chr15_A_Pt	305719	308293	660.0	559
EOG092R01AJ	Complete	chr5_A_Pt	3249829	3253678	1239.8	790
EOG092R01AN	Complete	chr1_A_Pt	9076987	9083516	1426.1	1061
EOG092R01B4	Duplicated	chr12_A_Pt	3901179	3904997	1630.7	878
EOG092R01B4	Duplicated	chr3_A_Pt	7037035	7040871	1630.1	878
EOG092R01B7	Duplicated	chr13_A_Pt	146347	150236	1469.8	833
EOG092R01B7	Duplicated	chr13_A_Pt	184316	188216	1469.8	833
EOG092R01BL	Complete	chr3_A_Pt	1461206	1464011	646.6	349
EOG092R01BN	Complete	chr9_A_Pt	883203	886983	830.5	681
EOG092R01BO	Complete	chr1_A_Pt	6107989	6112295	909.1	676
EOG092R01C1	Complete	chr1_A_Pt	6628126	6635530	910.4	1013
EOG092R01C6	Complete	chr6_A_Pt	6638462	6643006	738.3	559
EOG092R01DK	Complete	chr3_A_Pt	8825201	8832184	453.8	511
EOG092R01DL	Complete	chr2_A_Pt	6921306	6931435	431.6	749
EOG092R01DU	Complete	chr2_A_Pt	7100186	7102910	864.6	618
EOG092R01DY	Fragmented	chr18_A_Pt	795256	804789	399.3	429
EOG092R01E1	Complete	chr8_A_Pt	7619332	7623732	704.0	663
EOG092R01E2	Complete	chr3_A_Pt	6627913	6632399	432.1	483
EOG092R01EF	Complete	chr4_A_Pt	2602349	2606590	935.9	659
EOG092R01EV	Complete	chr11_A_Pt	1538142	1543298	1626.9	936
EOG092R01F3	Complete	chr12_A_Pt	3593388	3597191	1365.1	788
EOG092R01F5	Complete	chr17_A_Pt	3275073	3281938	674.2	483
EOG092R01GK	Complete	chr2_A_Pt	5895250	5898871	1384.9	840
EOG092R01GN	Complete	chr1_A_Pt	3275420	3279874	1473.6	835
EOG092R01GW	Complete	chr3_A_Pt	291254	296064	743.7	700
EOG092R01HD	Complete	chr2_A_Pt	6004994	6009493	1340.4	757
EOG092R01J4	Complete	chr7_A_Pt	47306	51077	1536.6	915
EOG092R01J5	Complete	chr3_A_Pt	8691620	8696975	364.1	686
EOG092R01JP	Complete	chr7_A_Pt	7028459	7032193	1545.5	850
EOG092R01JW	Fragmented	chr6_A_Pt	7102721	7112372	394.9	507
EOG092R01JZ	Complete	chr4_A_Pt	1669086	1673686	1536.2	908
EOG092R01KC	Complete	chr16_A_Pt	499834	503748	1334.3	796
EOG092R01KK	Complete	chr1_A_Pt	2822357	2827141	1339.3	813
EOG092R01KM	Complete	chr6_A_Pt	2813115	2815763	434.6	291
EOG092R01KV	Complete	chr11_A_Pt	1158167	1161681	673.6	525
EOG092R01KY	Fragmented	chr11_A_Pt	3552348	3565593	684.8	682
EOG092R01L3	Complete	chr6_A_Pt	3258218	3264262	756.7	879
EOG092R01M0	Complete	chr3_A_Pt	33409	36954	911.5	690
EOG092R01MB	Complete	chr2_A_Pt	3824255	3827033	194.8	276
EOG092R01MR	Complete	chr2_A_Pt	6074003	6078089	581.3	478
EOG092R01NO	Complete	chr2_A_Pt	7986106	7990717	888.3	741
EOG092R01O5	Complete	chr14_A_Pt	3784138	3794131	612.9	564
EOG092R01PA	Complete	chr8_A_Pt	250969	254929	407.1	280
EOG092R01Q7	Complete	chr10_A_Pt	7111613	7114939	972.2	736
EOG092R01Q9	Missing
EOG092R01QZ	Complete	chr5_A_Pt	1066209	1070001	1183.1	794
EOG092R01S5	Complete	chr16_A_Pt	680738	685138	746.6	873
EOG092R01S6	Complete	chr6_A_Pt	470711	474798	474.7	538
EOG092R01SG	Complete	chr1_A_Pt	2606247	2611864	582.3	765
EOG092R01SR	Complete	chr9_A_Pt	6566329	6570408	789.6	614
EOG092R01SS	Complete	chr1_A_Pt	9084228	9091813	1143.4	766
EOG092R01TR	Complete	chr14_A_Pt	2107753	2110803	923.8	587
EOG092R01TX	Complete	chr5_A_Pt	3978479	3982601	850.2	677
EOG092R01UZ	Complete	chr1_A_Pt	6426055	6431039	1651.0	920
EOG092R01WS	Complete	chr5_A_Pt	3532186	3535527	1261.2	712
EOG092R01XX	Complete	chr2_A_Pt	7696173	7700469	956.0	785
EOG092R01Y1	Complete	chr3_A_Pt	3321455	3324450	726.4	658
EOG092R01YM	Complete	chr8_A_Pt	4930690	4937033	962.2	923
EOG092R01Z4	Complete	chr11_A_Pt	4972819	4977374	513.8	440
EOG092R01ZO	Complete	chr3_A_Pt	8235616	8240413	662.7	831
EOG092R0207	Complete	chr17_A_Pt	2841462	2845270	535.3	694
EOG092R0208	Complete	chr2_A_Pt	7586789	7590214	1451.4	743
EOG092R0219	Complete	chr13_A_Pt	435696	439416	1287.8	779
EOG092R022A	Duplicated	chr4_A_Pt	2898050	2899736	354.5	298
EOG092R022A	Duplicated	chr6_A_Pt	3202005	3203577	341.1	298
EOG092R022P	Missing
EOG092R0235	Complete	chr8_A_Pt	5060268	5063640	912.6	679
EOG092R023T	Complete	chr1_A_Pt	1036731	1047567	333.1	454
EOG092R023Y	Complete	chr8_A_Pt	5106773	5110455	1382.0	794
EOG092R027E	Complete	chr6_A_Pt	2749825	2754546	701.9	794
EOG092R027I	Fragmented	chr9_A_Pt	1056749	1064001	699.9	474
EOG092R027K	Complete	chr13_A_Pt	1781425	1785333	725.3	670
EOG092R027T	Complete	chr2_A_Pt	1022655	1025403	989.8	552
EOG092R0285	Complete	chr2_A_Pt	4913492	4916753	1223.8	651
EOG092R028H	Complete	chr9_A_Pt	5896304	5898599	925.3	479
EOG092R02AA	Complete	chr2_A_Pt	6830765	6835514	995.5	692
EOG092R02B6	Complete	chr11_A_Pt	6359868	6364006	714.1	682
EOG092R02BA	Complete	chr8_A_Pt	3103333	3106137	605.3	567
EOG092R02BC	Complete	chr10_A_Pt	672081	676288	1325.3	858
EOG092R02BV	Complete	chr3_A_Pt	6096913	6101468	644.2	481
EOG092R02BW	Complete	chr2_A_Pt	5601167	5605407	659.8	707
EOG092R02D8	Complete	chr6_A_Pt	5664616	5668672	390.8	600
EOG092R02F2	Complete	chr1_A_Pt	6908315	6911660	980.1	750
EOG092R02F4	Fragmented	chr17_A_Pt	1618736	1627209	861.0	551
EOG092R02F8	Complete	chr11_A_Pt	2592475	2597406	649.1	731
EOG092R02G9	Complete	chr6_A_Pt	2762872	2765289	565.5	507
EOG092R02GN	Complete	chr18_A_Pt	368465	380508	660.7	748
EOG092R02HL	Complete	chr1_A_Pt	7505432	7510506	908.2	734
EOG092R02IG	Duplicated	chr15_A_Pt	2165919	2168665	895.2	606
EOG092R02IG	Duplicated	chr4_A_Pt	7016253	7019036	891.4	605
EOG092R02J2	Complete	chr2_A_Pt	3291550	3295427	669.1	467
EOG092R02K0	Duplicated	chr11_A_Pt	5361908	5365407	970.7	619
EOG092R02K0	Duplicated	chr14_A_Pt	2012991	2016655	864.6	630
EOG092R02K3	Complete	chr18_A_Pt	1779575	1782940	463.2	390
EOG092R02KI	Complete	chr5_A_Pt	3724916	3733854	400.4	738
EOG092R02KV	Complete	chr13_A_Pt	4016399	4018470	710.7	452
EOG092R02L0	Complete	chr3_A_Pt	1351782	1355035	1109.3	636
EOG092R02L7	Complete	chr11_A_Pt	1957999	1963184	917.9	930
EOG092R02LD	Complete	chr8_A_Pt	6903250	6904882	344.0	301
EOG092R02LE	Complete	chr3_A_Pt	5529264	5532088	666.2	540
EOG092R02LS	Complete	chr3_A_Pt	3628105	3631020	921.0	609
EOG092R02M9	Complete	chr5_A_Pt	1012457	1015536	990.0	622
EOG092R02MS	Complete	chr11_A_Pt	5772328	5781569	746.9	513
EOG092R02MZ	Complete	chr17_A_Pt	80713	84313	552.1	646
EOG092R02N6	Complete	chr1_A_Pt	8775234	8778073	997.8	549
EOG092R02N8	Complete	chr3_A_Pt	7420585	7423926	660.6	484
EOG092R02NJ	Complete	chr2_A_Pt	2251138	2259349	807.1	521
EOG092R02NK	Missing
EOG092R02O1	Complete	chr16_A_Pt	4498047	4501221	1115.0	697
EOG092R02O2	Complete	chr3_A_Pt	4173796	4177347	908.6	711
EOG092R02OQ	Complete	chr3_A_Pt	6328368	6332496	521.4	663
EOG092R02P2	Complete	chr3_A_Pt	7129588	7132222	1283.4	649
EOG092R02P9	Fragmented	chr15_A_Pt	1158521	1171713	838.7	559
EOG092R02PN	Complete	chr4_A_Pt	2903275	2906873	1356.1	791
EOG092R02PP	Complete	chr4_A_Pt	4881730	4888375	319.3	341
EOG092R02PW	Complete	chr6_A_Pt	3037198	3044616	758.5	591
EOG092R02Q5	Complete	chr5_A_Pt	5829648	5833300	1169.9	656
EOG092R02RH	Complete	chr3_A_Pt	2517807	2523678	1056.7	709
EOG092R02RK	Complete	chr5_A_Pt	7754321	7757975	1105.5	611
EOG092R02RP	Complete	chr4_A_Pt	2717645	2721633	721.9	584
EOG092R02SB	Complete	chr2_A_Pt	6291854	6294976	1411.2	680
EOG092R02TD	Complete	chr10_A_Pt	4758610	4762540	966.0	601
EOG092R02TP	Complete	chr6_A_Pt	6173199	6177568	864.6	615
EOG092R02UM	Complete	chr8_A_Pt	6624853	6627894	684.5	564
EOG092R02VE	Complete	chr18_A_Pt	1527452	1532283	1554.2	1009
EOG092R02WD	Complete	chr12_A_Pt	3627392	3631106	765.3	552
EOG092R02WG	Complete	chr13_A_Pt	1156683	1159750	587.3	610
EOG092R02WV	Duplicated	chr1_A_Pt	531285	534209	1085.5	620
EOG092R02WV	Duplicated	chr9_A_Pt	5668825	5671751	1086.7	620
EOG092R02XO	Complete	chr8_A_Pt	1873243	1877849	309.8	306
EOG092R02XP	Fragmented	chr11_A_Pt	5959632	5967298	273.4	360
EOG092R02XQ	Complete	chr13_A_Pt	5265470	5269964	1355.9	934
EOG092R02XU	Complete	chr6_A_Pt	27518	31566	883.8	666
EOG092R02Y3	Fragmented	chr13_A_Pt	1931192	1939526	444.1	388
EOG092R02YD	Complete	chr5_A_Pt	3735142	3737957	485.5	490
EOG092R030R	Complete	chr4_A_Pt	4575148	4578469	832.4	545
EOG092R032U	Complete	chr10_A_Pt	1486160	1489009	1216.4	709
EOG092R033G	Duplicated	chr12_A_Pt	5437263	5440521	760.3	472
EOG092R033G	Duplicated	chr12_A_Pt	5469464	5472060	716.4	456
EOG092R033S	Complete	chr11_A_Pt	679352	683376	688.9	555
EOG092R0362	Complete	chr7_A_Pt	5901683	5904520	1085.1	620
EOG092R037C	Fragmented	chr7_A_Pt	3217814	3231068	535.4	507
EOG092R037Z	Complete	chr5_A_Pt	3476169	3479837	675.3	511
EOG092R0383	Complete	chr1_A_Pt	786357	789144	326.0	526
EOG092R038J	Complete	chr9_A_Pt	4150899	4156714	554.9	448
EOG092R038Z	Complete	chr5_A_Pt	3917328	3920029	1054.7	653
EOG092R0390	Complete	chr11_A_Pt	2693788	2696933	603.9	451
EOG092R0393	Complete	chr8_A_Pt	2565194	2573052	476.9	319
EOG092R039K	Complete	chr2_A_Pt	7312572	7315698	872.3	650
EOG092R039Q	Complete	chr18_A_Pt	3440943	3443865	744.2	394
EOG092R039V	Complete	chr1_A_Pt	620240	623078	827.3	643
EOG092R03AF	Complete	chr18_A_Pt	1081290	1086251	1181.3	712
EOG092R03AG	Complete	chr13_A_Pt	1187408	1190847	633.2	666
EOG092R03AL	Complete	chr3_A_Pt	5249325	5257247	997.3	590
EOG092R03AM	Complete	chr11_A_Pt	2890637	2894963	894.2	581
EOG092R03BY	Complete	chr9_A_Pt	5911591	5915815	717.0	611
EOG092R03CC	Complete	chr1_A_Pt	1365282	1369598	725.2	671
EOG092R03CM	Complete	chr5_A_Pt	7667950	7670268	295.8	272
EOG092R03CW	Complete	chr3_A_Pt	235804	238887	932.6	616
EOG092R03CY	Complete	chr16_A_Pt	137584	138918	327.0	186
EOG092R03DJ	Complete	chr7_A_Pt	6377793	6381470	1241.3	717
EOG092R03DL	Complete	chr16_A_Pt	437808	440561	447.6	267
EOG092R03DO	Complete	chr13_A_Pt	87015	89904	605.3	341
EOG092R03DS	Complete	chr9_A_Pt	6333206	6336696	639.3	703
EOG092R03EK	Missing
EOG092R03F0	Complete	chr12_A_Pt	126151	129144	875.2	625
EOG092R03FK	Complete	chr11_A_Pt	6004481	6009221	847.6	521
EOG092R03GK	Duplicated	chr16_A_Pt	1197907	1200884	795.6	619
EOG092R03GK	Duplicated	chr2_A_Pt	1530522	1533787	793.5	617
EOG092R03GX	Complete	chr10_A_Pt	561186	563727	438.9	314
EOG092R03HT	Complete	chr1_A_Pt	6535895	6539708	1146.8	626
EOG092R03IM	Missing
EOG092R03JE	Complete	chr4_A_Pt	4650144	4652963	451.1	395
EOG092R03JI	Complete	chr4_A_Pt	4859438	4862839	314.5	472
EOG092R03JU	Complete	chr10_A_Pt	1507182	1509912	527.9	534
EOG092R03K4	Complete	chr9_A_Pt	6448414	6452842	816.8	698
EOG092R03LA	Complete	chr16_A_Pt	4495274	4497888	605.7	470
EOG092R03LT	Complete	chr5_A_Pt	1206936	1209575	1250.5	670
EOG092R03M8	Complete	chr14_A_Pt	1251039	1258042	428.2	360
EOG092R03MM	Complete	chr1_A_Pt	7254904	7266288	626.4	606
EOG092R03MU	Complete	chr4_A_Pt	5328996	5330783	474.3	297
EOG092R03N3	Complete	chr4_A_Pt	6960291	6963058	320.1	432
EOG092R03NF	Complete	chr5_A_Pt	7782936	7786518	893.1	731
EOG092R03NH	Complete	chr9_A_Pt	4950410	4953086	1064.1	563
EOG092R03O3	Complete	chr2_A_Pt	4256478	4259290	387.4	254
EOG092R03OF	Fragmented	chr3_A_Pt	4508782	4516456	1196.3	617
EOG092R03P3	Complete	chr14_A_Pt	2985691	2987991	614.0	402
EOG092R03PP	Fragmented	chr17_A_Pt	1053683	1062072	480.7	341
EOG092R03QD	Complete	chr17_A_Pt	2863753	2866696	1024.0	645
EOG092R03R2	Complete	chr3_A_Pt	704863	707847	447.4	345
EOG092R03S0	Duplicated	chr12_A_Pt	1743969	1747052	877.7	582
EOG092R03S0	Duplicated	chr12_A_Pt	1781183	1784266	877.7	582
EOG092R03S3	Complete	chr6_A_Pt	5669053	5672352	950.4	553
EOG092R03S5	Complete	chr10_A_Pt	6060849	6064697	377.3	268
EOG092R03S6	Complete	chr3_A_Pt	6343949	6346134	377.0	306
EOG092R03ST	Complete	chr3_A_Pt	488659	491711	751.4	619
EOG092R03U6	Complete	chr7_A_Pt	4730521	4733421	854.5	557
EOG092R03VI	Complete	chr12_A_Pt	290800	294218	950.1	708
EOG092R03VP	Complete	chr4_A_Pt	2051843	2054581	714.5	530
EOG092R03WR	Complete	chr4_A_Pt	4910297	4914817	570.7	626
EOG092R03XA	Complete	chr2_A_Pt	5719609	5723061	762.8	627
EOG092R03XN	Complete	chr4_A_Pt	3193419	3198919	243.4	466
EOG092R03XU	Complete	chr9_A_Pt	858447	862606	396.7	273
EOG092R03ZJ	Complete	chr4_A_Pt	542766	545900	938.1	718
EOG092R040D	Complete	chr6_A_Pt	1095073	1097648	191.4	380
EOG092R040T	Complete	chr6_A_Pt	2816986	2819783	424.0	503
EOG092R0414	Complete	chr5_A_Pt	344942	348125	611.4	614
EOG092R041D	Complete	chr1_A_Pt	538881	541776	398.9	485
EOG092R041W	Complete	chr18_A_Pt	3949834	3952570	1105.6	605
EOG092R041Z	Complete	chr5_A_Pt	758417	760781	354.8	458
EOG092R042D	Complete	chr8_A_Pt	6919927	6923176	937.1	546
EOG092R042R	Complete	chr10_A_Pt	6380653	6383059	754.6	524
EOG092R0435	Complete	chr12_A_Pt	1663187	1670445	332.6	364
EOG092R043H	Duplicated	chr2_A_Pt	4113562	4116608	734.8	448
EOG092R043H	Duplicated	chr5_A_Pt	754015	756139	734.5	449
EOG092R044E	Complete	chr18_A_Pt	1032078	1035062	958.5	551
EOG092R044P	Complete	chr4_A_Pt	7546990	7552047	495.8	826
EOG092R0453	Complete	chr8_A_Pt	7468863	7471667	860.5	527
EOG092R045F	Complete	chr4_A_Pt	788640	801240	826.4	714
EOG092R0463	Complete	chr4_A_Pt	7626891	7630089	943.6	529
EOG092R046E	Complete	chr7_A_Pt	7757452	7760095	471.2	369
EOG092R046U	Complete	chr9_A_Pt	4790467	4792043	226.2	286
EOG092R0470	Complete	chr7_A_Pt	2508726	2511550	465.7	474
EOG092R047C	Complete	chr17_A_Pt	2691708	2696835	428.8	585
EOG092R047O	Complete	chr8_A_Pt	790622	796878	313.7	352
EOG092R047R	Complete	chr11_A_Pt	6820348	6825207	1358.7	1150
EOG092R047X	Complete	chr16_A_Pt	1539849	1542817	495.9	484
EOG092R04AM	Complete	chr3_A_Pt	1614107	1621570	559.9	414
EOG092R04B7	Missing
EOG092R04C9	Complete	chr10_A_Pt	6481207	6483648	1127.1	583
EOG092R04D6	Complete	chr12_A_Pt	850549	853687	449.9	417
EOG092R04D7	Complete	chr3_A_Pt	7660442	7661963	447.8	316
EOG092R04DC	Complete	chr1_A_Pt	8473899	8475602	572.6	379
EOG092R04E5	Fragmented	chr10_A_Pt	3921744	3930084	694.9	463
EOG092R04EG	Complete	chr8_A_Pt	4602744	4607136	897.9	655
EOG092R04EN	Complete	chr8_A_Pt	2704147	2707101	658.6	483
EOG092R04F0	Complete	chr9_A_Pt	1254689	1257359	992.0	571
EOG092R04F8	Complete	chr10_A_Pt	6778542	6781440	875.9	551
EOG092R04FD	Complete	chr3_A_Pt	5214487	5217242	1205.5	675
EOG092R04G8	Complete	chr18_A_Pt	723333	726457	571.9	548
EOG092R04HK	Complete	chr15_A_Pt	1097772	1100997	1237.5	807
EOG092R04IN	Complete	chr14_A_Pt	381934	386891	475.2	414
EOG092R04JP	Complete	chr18_A_Pt	313004	319281	561.2	349
EOG092R04KO	Complete	chr8_A_Pt	6533299	6537131	1195.7	615
EOG092R04KV	Complete	chr1_A_Pt	484813	486744	228.9	199
EOG092R04LA	Complete	chr2_A_Pt	5777878	5780139	657.5	518
EOG092R04M7	Complete	chr11_A_Pt	3412557	3415297	739.5	520
EOG092R04MI	Complete	chr10_A_Pt	539272	542599	646.2	610
EOG092R04N3	Complete	chr8_A_Pt	138352	140844	792.4	529
EOG092R04NK	Complete	chr3_A_Pt	8010028	8013889	264.1	210
EOG092R04OV	Complete	chr11_A_Pt	1929372	1931840	701.8	384
EOG092R04P0	Complete	chr16_A_Pt	872752	876948	1469.1	1047
EOG092R04P4	Missing
EOG092R04PE	Complete	chr4_A_Pt	1149110	1152389	766.4	544
EOG092R04PJ	Complete	chr3_A_Pt	3662498	3664780	870.7	533
EOG092R04PO	Complete	chr15_A_Pt	1283994	1287933	607.4	600
EOG092R04PS	Complete	chr6_A_Pt	6036474	6039056	1223.1	653
EOG092R04QM	Complete	chr8_A_Pt	677911	680477	444.7	328
EOG092R04RH	Complete	chr8_A_Pt	758360	761522	433.8	339
EOG092R04RX	Complete	chr13_A_Pt	4751883	4754540	622.7	488
EOG092R04SD	Complete	chr8_A_Pt	5477273	5480223	377.4	405
EOG092R04SM	Complete	chr13_A_Pt	2134406	2140015	228.2	203
EOG092R04SS	Complete	chr7_A_Pt	6341515	6348914	887.9	514
EOG092R04VB	Complete	chr5_A_Pt	6674731	6677170	415.5	253
EOG092R04W3	Complete	chr16_A_Pt	869661	872138	779.4	501
EOG092R04WN	Complete	chr12_A_Pt	3797935	3810693	649.2	663
EOG092R04WO	Complete	chr1_A_Pt	6929342	6938254	653.5	762
EOG092R04X2	Complete	chr5_A_Pt	4485811	4488461	998.6	594
EOG092R04X7	Fragmented	chr8_A_Pt	6051582	6058879	887.5	537
EOG092R04Y3	Complete	chr7_A_Pt	1618211	1627654	806.4	398
EOG092R04Y7	Complete	chr5_A_Pt	2358419	2359897	513.2	274
EOG092R050B	Complete	chr7_A_Pt	583984	589333	377.1	302
EOG092R050F	Missing
EOG092R0510	Complete	chr8_A_Pt	4219731	4222319	600.6	527
EOG092R051T	Fragmented	chr14_A_Pt	2455571	2463885	327.0	436
EOG092R051W	Complete	chr2_A_Pt	5417606	5420462	579.3	401
EOG092R0524	Complete	chr2_A_Pt	4789699	4791984	851.5	517
EOG092R052F	Complete	chr13_A_Pt	2930496	2933758	486.7	348
EOG092R052Q	Complete	chr5_A_Pt	2707167	2709568	981.4	554
EOG092R053O	Complete	chr8_A_Pt	4301683	4304701	429.6	440
EOG092R054E	Complete	chr5_A_Pt	1676424	1678994	1059.7	561
EOG092R054L	Complete	chr14_A_Pt	2395354	2398138	199.8	421
EOG092R054Y	Complete	chr16_A_Pt	1859254	1864880	541.2	538
EOG092R056Q	Complete	chr9_A_Pt	5394304	5396848	423.7	320
EOG092R056X	Complete	chr6_A_Pt	3645728	3648097	832.6	469
EOG092R0570	Complete	chr7_A_Pt	1516379	1519605	749.8	398
EOG092R057B	Complete	chr10_A_Pt	5656127	5659813	204.4	237
EOG092R057L	Complete	chr13_A_Pt	5235986	5239367	312.8	391
EOG092R058I	Complete	chr18_A_Pt	3926118	3929709	666.4	601
EOG092R0590	Complete	chr9_A_Pt	1026706	1029408	862.6	452
EOG092R059D	Complete	chr7_A_Pt	5458117	5464489	296.7	337
EOG092R059S	Complete	chr4_A_Pt	4044907	4048231	686.1	531
EOG092R05AD	Complete	chr4_A_Pt	4158240	4160268	382.9	316
EOG092R05BI	Complete	chr11_A_Pt	1634759	1641466	843.7	444
EOG092R05BW	Complete	chr3_A_Pt	5651878	5654439	513.4	406
EOG092R05DL	Complete	chr5_A_Pt	4723416	4725712	1127.9	564
EOG092R05E8	Complete	chr12_A_Pt	1859503	1861777	413.9	386
EOG092R05EA	Complete	chr7_A_Pt	2240618	2243788	341.9	335
EOG092R05EM	Complete	chr7_A_Pt	2674075	2677495	1072.7	683
EOG092R05EY	Complete	chr1_A_Pt	9254918	9257801	595.7	346
EOG092R05FD	Missing
EOG092R05FZ	Complete	chr11_A_Pt	3533859	3535682	294.2	301
EOG092R05HF	Complete	chr18_A_Pt	3716237	3718446	988.0	464
EOG092R05J5	Complete	chr5_A_Pt	3765895	3767943	809.8	490
EOG092R05ND	Missing
EOG092R05PY	Complete	chr2_A_Pt	1694040	1696601	571.6	508
EOG092R05R4	Complete	chr10_A_Pt	2347578	2349680	803.9	482
EOG092R05SX	Complete	chr16_A_Pt	1325941	1329384	423.6	418
EOG092R05SZ	Complete	chr8_A_Pt	1370684	1373832	987.4	576
EOG092R05TB	Complete	chr9_A_Pt	6507647	6509526	701.3	383
EOG092R05TX	Duplicated	chr6_A_Pt	7129426	7131954	799.8	476
EOG092R05TX	Duplicated	chr8_A_Pt	6686745	6689299	702.0	476
EOG092R05V7	Complete	chr15_A_Pt	4305506	4308740	609.3	442
EOG092R05VL	Complete	chr10_A_Pt	611404	614316	1158.8	600
EOG092R05VY	Complete	chr4_A_Pt	1081374	1083987	828.3	500
EOG092R05WP	Complete	chr18_A_Pt	2352621	2354768	673.8	398
EOG092R05YF	Complete	chr13_A_Pt	4488089	4491783	660.9	514
EOG092R05ZC	Complete	chr10_A_Pt	950494	952677	604.7	422
EOG092R061J	Complete	chr11_A_Pt	859941	862147	553.4	432
EOG092R061N	Complete	chr2_A_Pt	4786915	4789306	489.4	522
EOG092R0633	Complete	chr2_A_Pt	7630824	7634935	425.7	449
EOG092R0637	Complete	chr8_A_Pt	5423794	5426559	950.2	504
EOG092R063F	Duplicated	chr2_A_Pt	3332220	3334807	301.6	609
EOG092R063F	Duplicated	chr5_A_Pt	6683156	6685989	294.7	621
EOG092R063X	Duplicated	chr5_A_Pt	2764107	2766479	668.2	492
EOG092R063X	Duplicated	chr5_A_Pt	2766601	2769892	581.7	473
EOG092R0645	Complete	chr1_A_Pt	6888500	6891317	869.9	500
EOG092R066G	Complete	chr5_A_Pt	1901811	1908787	672.6	431
EOG092R067Q	Complete	chr5_A_Pt	2814549	2817681	427.7	506
EOG092R0685	Complete	chr6_A_Pt	5157471	5165482	774.2	476
EOG092R068U	Complete	chr4_A_Pt	7486749	7488822	711.8	452
EOG092R069Y	Complete	chr12_A_Pt	6680814	6692932	591.7	445
EOG092R06B7	Complete	chr15_A_Pt	170532	172676	251.7	388
EOG092R06BC	Complete	chr18_A_Pt	855181	857140	357.0	397
EOG092R06DT	Fragmented	chr2_A_Pt	6954938	6963784	434.6	328
EOG092R06EH	Complete	chr1_A_Pt	7511173	7512390	140.4	117
EOG092R06ER	Complete	chr4_A_Pt	1453235	1455340	418.5	328
EOG092R06EZ	Complete	chr15_A_Pt	169017	180442	450.1	367
EOG092R06FZ	Complete	chr12_A_Pt	1877402	1878816	454.9	255
EOG092R06HA	Complete	chr17_A_Pt	2176244	2179025	613.0	510
EOG092R06IK	Complete	chr1_A_Pt	1102120	1104123	902.2	433
EOG092R06J6	Complete	chr6_A_Pt	3863550	3865940	591.0	452
EOG092R06JB	Complete	chr1_A_Pt	5524900	5527380	297.1	237
EOG092R06K7	Complete	chr4_A_Pt	771252	773336	953.9	500
EOG092R06KY	Complete	chr6_A_Pt	4017802	4020238	302.1	344
EOG092R06LD	Complete	chr9_A_Pt	4931020	4933055	651.8	429
EOG092R06LI	Complete	chr12_A_Pt	2231836	2236337	347.7	410
EOG092R06NL	Complete	chr3_A_Pt	8215015	8217276	693.3	442
EOG092R06P4	Complete	chr16_A_Pt	3736214	3740295	284.6	309
EOG092R06RU	Complete	chr16_A_Pt	2132445	2135864	715.3	598
EOG092R06S0	Fragmented	chr10_A_Pt	5019668	5028260	365.5	244
EOG092R06SP	Complete	chr5_A_Pt	1763417	1765568	458.6	346
EOG092R06TP	Complete	chr16_A_Pt	1472308	1474732	970.0	495
EOG092R06U0	Complete	chr10_A_Pt	6473933	6475524	439.5	351
EOG092R06V0	Complete	chr2_A_Pt	7086793	7088678	953.7	511
EOG092R06VC	Complete	chr8_A_Pt	3906200	3908576	711.3	441
EOG092R06VN	Duplicated	chr17_A_Pt	3469259	3471598	520.7	387
EOG092R06VN	Duplicated	chr17_A_Pt	3509564	3511917	519.2	380
EOG092R06VY	Complete	chr1_A_Pt	6456068	6458710	591.8	488
EOG092R06X8	Complete	chr6_A_Pt	6894696	6896883	402.2	336
EOG092R06XC	Duplicated	chr10_A_Pt	4630410	4632360	565.8	455
EOG092R06XC	Duplicated	chr16_A_Pt	853149	855197	564.8	454
EOG092R06XU	Fragmented	chr3_A_Pt	5761999	5767960	114.6	112
EOG092R06XW	Complete	chr12_A_Pt	2510431	2520693	250.2	384
EOG092R06ZW	Complete	chr17_A_Pt	4298665	4302120	667.4	378
EOG092R070F	Complete	chr6_A_Pt	4197512	4199603	966.8	497
EOG092R0717	Fragmented	chr8_A_Pt	1579963	1586454	401.7	263
EOG092R0720	Complete	chr5_A_Pt	3703622	3705776	727.9	370
EOG092R072B	Complete	chr11_A_Pt	1028360	1030575	879.1	480
EOG092R072K	Complete	chr8_A_Pt	5166867	5169418	579.4	391
EOG092R072T	Complete	chr1_A_Pt	34435	39926	473.6	360
EOG092R073C	Complete	chr5_A_Pt	1177303	1180530	645.2	417
EOG092R074J	Complete	chr1_A_Pt	8238532	8245547	518.6	383
EOG092R0764	Complete	chr8_A_Pt	1292592	1297534	465.3	352
EOG092R076W	Complete	chr11_A_Pt	5987747	5989941	911.5	506
EOG092R0773	Complete	chr11_A_Pt	2098003	2100420	927.5	440
EOG092R077C	Complete	chr1_A_Pt	6392038	6394517	340.0	256
EOG092R077Q	Complete	chr8_A_Pt	4435367	4437851	1005.8	527
EOG092R0785	Complete	chr12_A_Pt	904115	911860	348.9	345
EOG092R078B	Complete	chr2_A_Pt	1909966	1913394	689.3	514
EOG092R079G	Complete	chr18_A_Pt	2662641	2665183	343.4	555
EOG092R07A5	Complete	chr5_A_Pt	2182216	2184585	481.9	376
EOG092R07AD	Complete	chr17_A_Pt	1564633	1571970	446.6	437
EOG092R07BH	Complete	chr7_A_Pt	3013880	3020921	143.2	328
EOG092R07BO	Complete	chr18_A_Pt	593048	594355	227.5	258
EOG092R07CR	Complete	chr7_A_Pt	536631	538819	558.3	316
EOG092R07DK	Missing
EOG092R07DL	Complete	chr5_A_Pt	3073876	3076203	251.6	345
EOG092R07DQ	Complete	chr17_A_Pt	3595416	3597741	723.7	404
EOG092R07EZ	Complete	chr6_A_Pt	7240175	7245169	416.1	351
EOG092R07G0	Duplicated	chr17_A_Pt	621257	625037	348.1	276
EOG092R07G0	Duplicated	chr4_A_Pt	4458846	4464898	300.1	240
EOG092R07GB	Complete	chr6_A_Pt	6703687	6705615	597.7	421
EOG092R07GM	Complete	chr13_A_Pt	4828215	4830901	568.7	418
EOG092R07GO	Complete	chr17_A_Pt	1490497	1493435	345.8	383
EOG092R07H5	Complete	chr17_A_Pt	1137246	1139304	845.1	460
EOG092R07HE	Complete	chr13_A_Pt	5568740	5570658	120.7	314
EOG092R07HG	Complete	chr1_A_Pt	7739597	7749746	405.1	537
EOG092R07HN	Complete	chr14_A_Pt	4071089	4073232	565.4	405
EOG092R07JN	Complete	chr3_A_Pt	4873950	4876429	885.5	425
EOG092R07K7	Complete	chr10_A_Pt	6039878	6042104	586.5	430
EOG092R07LS	Complete	chr1_A_Pt	504264	509008	385.2	308
EOG092R07LZ	Complete	chr7_A_Pt	7477394	7480621	847.6	575
EOG092R07MT	Duplicated	chr16_A_Pt	3785653	3788937	1007.3	606
EOG092R07MT	Duplicated	chr16_A_Pt	3800337	3803762	893.6	591
EOG092R07NX	Complete	chr18_A_Pt	4250380	4252429	691.0	391
EOG092R07OK	Complete	chr1_A_Pt	3447194	3454580	623.4	505
EOG092R07R7	Complete	chr6_A_Pt	2108447	2110601	852.6	452
EOG092R07T1	Complete	chr11_A_Pt	2209504	2211685	629.9	386
EOG092R07TL	Complete	chr1_A_Pt	4127118	4133466	252.4	701
EOG092R07UH	Complete	chr7_A_Pt	5251925	5254161	849.0	480
EOG092R07UL	Complete	chr4_A_Pt	2253227	2255986	737.5	548
EOG092R07XL	Complete	chr3_A_Pt	8121294	8123565	335.6	347
EOG092R080H	Complete	chr8_A_Pt	4563122	4565125	502.7	334
EOG092R082W	Complete	chr17_A_Pt	686820	689475	430.0	501
EOG092R0848	Complete	chr13_A_Pt	2354697	2356966	898.9	478
EOG092R0849	Complete	chr17_A_Pt	4111839	4119174	396.6	376
EOG092R084Q	Complete	chr1_A_Pt	6076999	6078843	428.3	317
EOG092R086A	Complete	chr5_A_Pt	7462557	7464765	675.9	428
EOG092R087T	Complete	chr6_A_Pt	8254610	8257179	537.4	458
EOG092R0881	Complete	chr7_A_Pt	2295770	2298696	389.1	534
EOG092R088P	Complete	chr16_A_Pt	2336357	2338500	821.3	439
EOG092R089P	Complete	chr9_A_Pt	5920812	5923171	919.9	442
EOG092R089T	Complete	chr3_A_Pt	2415596	2418043	410.5	321
EOG092R08AY	Complete	chr11_A_Pt	5427902	5430018	503.2	305
EOG092R08BA	Complete	chr4_A_Pt	3944593	3946837	657.2	442
EOG092R08BI	Complete	chr8_A_Pt	474452	476753	493.2	408
EOG092R08BZ	Complete	chr16_A_Pt	395130	397229	825.8	413
EOG092R08CA	Complete	chr18_A_Pt	289178	295790	220.6	361
EOG092R08CQ	Complete	chr2_A_Pt	708566	711754	303.0	546
EOG092R08EZ	Complete	chr6_A_Pt	3113791	3119110	532.7	809
EOG092R08FD	Complete	chr4_A_Pt	622299	624257	884.2	416
EOG092R08FP	Complete	chr4_A_Pt	737237	740246	824.0	428
EOG092R08H1	Complete	chr7_A_Pt	5778784	5785944	525.9	283
EOG092R08HB	Complete	chr12_A_Pt	4333348	4334891	193.6	268
EOG092R08HQ	Complete	chr11_A_Pt	4635646	4637252	535.7	348
EOG092R08I4	Complete	chr8_A_Pt	5873211	5878068	166.2	193
EOG092R08IB	Complete	chr16_A_Pt	4444711	4447530	444.7	350
EOG092R08J0	Complete	chr5_A_Pt	3830577	3835728	632.2	422
EOG092R08JB	Complete	chr1_A_Pt	3686968	3692758	723.8	472
EOG092R08JQ	Missing
EOG092R08K4	Complete	chr18_A_Pt	2228290	2230289	787.5	395
EOG092R08KJ	Complete	chr11_A_Pt	1165813	1168491	186.4	243
EOG092R08L3	Complete	chr5_A_Pt	1714315	1716306	549.3	464
EOG092R08LW	Complete	chr4_A_Pt	6791789	6793899	206.0	292
EOG092R08N0	Fragmented	chr8_A_Pt	5247956	5255130	326.2	281
EOG092R08N3	Duplicated	chr18_A_Pt	405417	410520	520.1	364
EOG092R08N3	Duplicated	chr7_A_Pt	6121027	6126709	512.2	361
EOG092R08N3	Duplicated	chr8_A_Pt	6388799	6394485	519.6	357
EOG092R08N8	Missing
EOG092R08NE	Complete	chr14_A_Pt	4749481	4751450	849.2	447
EOG092R08ON	Complete	chr5_A_Pt	3673222	3675625	744.5	488
EOG092R08OZ	Duplicated	chr8_A_Pt	7426829	7428934	616.9	362
EOG092R08OZ	Duplicated	chr8_A_Pt	7440085	7442232	588.3	358
EOG092R08P1	Duplicated	chr14_A_Pt	1583308	1585204	529.3	357
EOG092R08P1	Duplicated	chr1_A_Pt	8700994	8702860	535.3	348
EOG092R08PM	Complete	chr13_A_Pt	126181	139098	737.4	653
EOG092R08Q9	Complete	chr4_A_Pt	6585955	6588130	433.0	326
EOG092R08QO	Complete	chr9_A_Pt	1657943	1660557	717.6	410
EOG092R08RN	Complete	chr10_A_Pt	4271498	4275598	635.6	385
EOG092R08RP	Complete	chr14_A_Pt	1654692	1660981	420.7	333
EOG092R08RY	Complete	chr18_A_Pt	2441237	2443374	459.0	400
EOG092R08SB	Complete	chr3_A_Pt	108709	110433	606.2	403
EOG092R08SI	Duplicated	chr11_A_Pt	5877848	5879336	401.4	316
EOG092R08SI	Duplicated	chr1_A_Pt	2383241	2384725	397.4	316
EOG092R08U6	Complete	chr3_A_Pt	6401385	6403374	334.6	339
EOG092R08UF	Complete	chr1_A_Pt	8215274	8216915	510.4	344
EOG092R08US	Complete	chr13_A_Pt	651025	653705	187.7	303
EOG092R08W1	Complete	chr10_A_Pt	564019	565290	184.5	211
EOG092R08W6	Complete	chr7_A_Pt	6299805	6302030	599.7	437
EOG092R08XM	Complete	chr18_A_Pt	2573291	2578205	530.3	312
EOG092R08Y4	Complete	chr1_A_Pt	7799963	7802083	480.8	286
EOG092R08Y6	Complete	chr6_A_Pt	7480784	7483559	623.3	436
EOG092R08YA	Complete	chr6_A_Pt	1638058	1639880	557.7	370
EOG092R08YU	Complete	chr6_A_Pt	5960180	5964056	252.8	286
EOG092R08YZ	Fragmented	chr16_A_Pt	1887437	1893972	711.3	393
EOG092R090E	Complete	chr5_A_Pt	2789388	2791214	485.2	411
EOG092R090P	Complete	chr6_A_Pt	6875422	6877971	608.8	334
EOG092R0914	Complete	chr6_A_Pt	8410652	8412698	761.1	351
EOG092R0915	Complete	chr3_A_Pt	7515996	7520313	515.4	301
EOG092R091P	Complete	chr2_A_Pt	6866961	6868944	505.1	374
EOG092R091V	Complete	chr3_A_Pt	1340937	1342894	449.0	352
EOG092R092A	Complete	chr5_A_Pt	3540392	3544133	1014.8	591
EOG092R092H	Complete	chr6_A_Pt	4918242	4921036	824.6	451
EOG092R092K	Complete	chr3_A_Pt	1634086	1641937	795.7	461
EOG092R0931	Complete	chr7_A_Pt	6813157	6814966	601.0	344
EOG092R094V	Complete	chr4_A_Pt	4169916	4176785	725.4	375
EOG092R095W	Complete	chr11_A_Pt	1533496	1535516	521.9	350
EOG092R096K	Complete	chr2_A_Pt	5705137	5707237	378.1	327
EOG092R097B	Complete	chr10_A_Pt	3785727	3787698	518.9	379
EOG092R097C	Complete	chr16_A_Pt	1910880	1914324	739.0	550
EOG092R097H	Complete	chr6_A_Pt	70941	72636	671.7	333
EOG092R097X	Complete	chr1_A_Pt	1893779	1895954	500.3	384
EOG092R0987	Complete	chr4_A_Pt	3879242	3881156	497.7	338
EOG092R098G	Complete	chr5_A_Pt	1722091	1724005	442.9	426
EOG092R099Y	Complete	chr3_A_Pt	6553020	6555203	649.3	379
EOG092R09BB	Complete	chr17_A_Pt	1147607	1149523	289.4	352
EOG092R09CF	Complete	chr1_A_Pt	7680255	7683941	868.3	644
EOG092R09CZ	Complete	chr9_A_Pt	6249253	6251153	717.3	410
EOG092R09DU	Complete	chr4_A_Pt	4541734	4544731	489.0	368
EOG092R09EI	Complete	chr3_A_Pt	6314429	6317317	457.9	472
EOG092R09FU	Complete	chr4_A_Pt	4354520	4356481	292.8	240
EOG092R09G0	Complete	chr4_A_Pt	8474805	8476899	837.0	400
EOG092R09G6	Complete	chr8_A_Pt	3788212	3790496	259.5	466
EOG092R09HC	Complete	chr1_A_Pt	4440034	4442180	594.2	368
EOG092R09IK	Complete	chr9_A_Pt	4416159	4418471	321.8	251
EOG092R09IO	Complete	chr4_A_Pt	7069345	7071735	560.9	379
EOG092R09JK	Complete	chr6_A_Pt	997950	1001390	799.8	474
EOG092R09LN	Complete	chr4_A_Pt	3333544	3335491	766.3	395
EOG092R09M5	Complete	chr11_A_Pt	2768589	2770268	732.7	397
EOG092R09N7	Complete	chr1_A_Pt	1373415	1378126	475.1	477
EOG092R09NL	Complete	chr14_A_Pt	3643854	3646406	485.1	469
EOG092R09O0	Complete	chr1_A_Pt	8380729	8382501	378.6	341
EOG092R09OO	Complete	chr8_A_Pt	5352242	5354447	761.4	389
EOG092R09OV	Complete	chr7_A_Pt	967956	971297	524.2	399
EOG092R09R0	Complete	chr10_A_Pt	6851472	6853487	741.2	372
EOG092R09RJ	Complete	chr9_A_Pt	1217303	1219986	722.5	496
EOG092R09RX	Complete	chr4_A_Pt	7826528	7831013	375.4	480
EOG092R09T5	Complete	chr10_A_Pt	6854225	6856167	722.2	402
EOG092R09T7	Complete	chr18_A_Pt	1614578	1616805	375.5	284
EOG092R09UB	Complete	chr18_A_Pt	1221893	1224699	566.5	425
EOG092R09VI	Complete	chr9_A_Pt	1200425	1204618	367.0	322
EOG092R09W3	Complete	chr5_A_Pt	1375123	1378702	773.7	384
EOG092R09Z0	Complete	chr12_A_Pt	1027303	1029043	901.7	427
EOG092R0A0X	Complete	chr7_A_Pt	1640669	1642588	752.7	353
EOG092R0A4R	Fragmented	chr13_A_Pt	2432484	2439408	302.2	276
EOG092R0A5W	Complete	chr2_A_Pt	5591927	5595130	677.8	500
EOG092R0A63	Complete	chr6_A_Pt	440026	441941	314.0	329
EOG092R0A6R	Complete	chr7_A_Pt	3869951	3872225	431.4	333
EOG092R0A87	Complete	chr17_A_Pt	638734	640411	637.3	379
EOG092R0A9D	Fragmented	chr1_A_Pt	4305473	4312440	543.1	308
EOG092R0AA1	Complete	chr10_A_Pt	4646032	4651180	271.3	312
EOG092R0AAR	Complete	chr15_A_Pt	1271712	1273818	433.5	419
EOG092R0ABG	Complete	chr15_A_Pt	1275761	1277604	755.0	436
EOG092R0ABW	Complete	chr18_A_Pt	575914	577988	527.7	486
EOG092R0AC7	Complete	chr9_A_Pt	1319606	1321655	864.8	474
EOG092R0AC9	Complete	chr18_A_Pt	2266378	2268773	847.1	453
EOG092R0ACQ	Complete	chr16_A_Pt	3912027	3917865	545.3	594
EOG092R0ADC	Complete	chr5_A_Pt	3161368	3163195	790.0	459
EOG092R0ADS	Duplicated	chr3_A_Pt	7970209	7972984	750.6	368
EOG092R0ADS	Duplicated	chr3_A_Pt	7981291	7984063	750.7	368
EOG092R0AEU	Complete	chr9_A_Pt	898644	905264	471.2	377
EOG092R0AF1	Complete	chr3_A_Pt	1096227	1097682	305.7	265
EOG092R0AG4	Complete	chr4_A_Pt	87415	89938	623.6	334
EOG092R0AGC	Complete	chr12_A_Pt	2631236	2633301	409.6	317
EOG092R0AH1	Complete	chr3_A_Pt	7218512	7220444	483.6	327
EOG092R0AIC	Complete	chr10_A_Pt	957968	959428	229.4	255
EOG092R0AJO	Complete	chr18_A_Pt	580080	581388	403.4	317
EOG092R0AKD	Complete	chr8_A_Pt	6106813	6108516	649.7	407
EOG092R0AM6	Complete	chr16_A_Pt	1492593	1494248	557.9	313
EOG092R0AMZ	Duplicated	chr17_A_Pt	4186031	4188051	724.2	379
EOG092R0AMZ	Duplicated	chr7_A_Pt	4505249	4506949	723.6	379
EOG092R0ANI	Complete	chr4_A_Pt	7663894	7667547	567.3	522
EOG092R0ANM	Complete	chr2_A_Pt	5618395	5620146	455.0	343
EOG092R0AO9	Missing
EOG092R0AQ5	Complete	chr1_A_Pt	7779922	7781964	380.8	220
EOG092R0AQA	Complete	chr14_A_Pt	1600451	1602271	258.8	284
EOG092R0AQN	Complete	chr3_A_Pt	5374561	5376375	722.1	436
EOG092R0AR5	Complete	chr10_A_Pt	6928276	6930247	801.0	396
EOG092R0ARJ	Complete	chr17_A_Pt	807370	809521	361.4	331
EOG092R0ARM	Complete	chr7_A_Pt	6165271	6167233	382.9	318
EOG092R0AS8	Complete	chr16_A_Pt	3543415	3545350	432.3	424
EOG092R0ASG	Complete	chr3_A_Pt	826848	828902	531.3	378
EOG092R0ATE	Complete	chr2_A_Pt	1889506	1891863	735.1	468
EOG092R0AU5	Complete	chr4_A_Pt	7067889	7069112	527.4	295
EOG092R0AUH	Complete	chr11_A_Pt	6175844	6184188	519.3	497
EOG092R0AV1	Complete	chr3_A_Pt	1145990	1147853	175.1	274
EOG092R0AV8	Complete	chr2_A_Pt	2441271	2443339	251.9	323
EOG092R0AW5	Complete	chr1_A_Pt	1956620	1958493	791.5	374
EOG092R0AX2	Complete	chr12_A_Pt	4187513	4189344	574.2	374
EOG092R0AYL	Complete	chr10_A_Pt	4198423	4200159	616.1	313
EOG092R0AYQ	Complete	chr6_A_Pt	4641119	4642915	645.4	350
EOG092R0AYX	Complete	chr14_A_Pt	1022016	1023998	434.2	305
EOG092R0AZ1	Complete	chr1_A_Pt	431264	433535	394.8	339
EOG092R0AZ2	Fragmented	chr14_A_Pt	2771294	2778128	334.6	312
EOG092R0AZT	Complete	chr5_A_Pt	6985603	6987174	331.5	257
EOG092R0AZU	Complete	chr2_A_Pt	3176667	3178548	626.2	349
EOG092R0B2C	Complete	chr6_A_Pt	5586503	5588194	252.4	285
EOG092R0B44	Complete	chr3_A_Pt	6033765	6038711	664.0	538
EOG092R0B48	Complete	chr5_A_Pt	1683204	1684562	377.4	248
EOG092R0B4A	Complete	chr10_A_Pt	3123672	3125628	724.0	355
EOG092R0B50	Duplicated	chr2_A_Pt	1281993	1283838	661.0	385
EOG092R0B50	Duplicated	chr6_A_Pt	4010713	4012884	662.6	385
EOG092R0B5P	Complete	chr2_A_Pt	4792200	4793690	328.0	277
EOG092R0B62	Complete	chr14_A_Pt	1464329	1466468	371.3	324
EOG092R0B7A	Complete	chr9_A_Pt	6740412	6743017	475.8	293
EOG092R0B7G	Complete	chr9_A_Pt	5635590	5637942	523.3	400
EOG092R0B8F	Complete	chr10_A_Pt	4337614	4340736	424.4	339
EOG092R0B9X	Complete	chr9_A_Pt	6346172	6348601	584.4	427
EOG092R0BAK	Complete	chr11_A_Pt	3392894	3394742	418.3	302
EOG092R0BB2	Complete	chr10_A_Pt	5307120	5308772	589.7	302
EOG092R0BB6	Complete	chr6_A_Pt	3340695	3342531	656.4	351
EOG092R0BBB	Complete	chr8_A_Pt	5926932	5947684	482.3	667
EOG092R0BBF	Complete	chr8_A_Pt	2595200	2596813	434.6	280
EOG092R0BBO	Complete	chr6_A_Pt	7588868	7590904	522.6	336
EOG092R0BE6	Complete	chr5_A_Pt	4253131	4255254	613.1	348
EOG092R0BEU	Complete	chr15_A_Pt	2240136	2243625	503.7	547
EOG092R0BEY	Complete	chr1_A_Pt	2869481	2871365	604.6	344
EOG092R0BF1	Missing
EOG092R0BF6	Complete	chr10_A_Pt	6460625	6462035	422.5	271
EOG092R0BGT	Complete	chr9_A_Pt	1683756	1686987	223.0	226
EOG092R0BH2	Complete	chr9_A_Pt	1484562	1487262	470.6	514
EOG092R0BHP	Complete	chr7_A_Pt	549521	553833	263.0	391
EOG092R0BHZ	Complete	chr3_A_Pt	4233355	4234633	476.4	299
EOG092R0BJ4	Complete	chr11_A_Pt	4624288	4631072	327.8	282
EOG092R0BK3	Complete	chr6_A_Pt	5430238	5431720	442.5	269
EOG092R0BK6	Complete	chr8_A_Pt	6268674	6270754	492.4	366
EOG092R0BK8	Complete	chr6_A_Pt	4923025	4927393	381.1	356
EOG092R0BKH	Complete	chr6_A_Pt	5944396	5947431	662.1	451
EOG092R0BKU	Complete	chr3_A_Pt	7773476	7775506	675.7	347
EOG092R0BLA	Complete	chr11_A_Pt	2688168	2689977	390.9	273
EOG092R0BM3	Complete	chr6_A_Pt	7099933	7102480	414.5	277
EOG092R0BNI	Complete	chr5_A_Pt	2569455	2576914	460.6	328
EOG092R0BNT	Complete	chr1_A_Pt	9189854	9196166	406.4	311
EOG092R0BOA	Complete	chr4_A_Pt	3947217	3949099	533.7	348
EOG092R0BPK	Complete	chr1_A_Pt	7776553	7778644	328.1	288
EOG092R0BQB	Complete	chr10_A_Pt	5746568	5748187	235.0	223
EOG092R0BS6	Complete	chr10_A_Pt	525567	527237	608.5	366
EOG092R0BSN	Complete	chr18_A_Pt	243560	245217	709.2	391
EOG092R0BTM	Complete	chr2_A_Pt	4168464	4170335	439.3	331
EOG092R0BUS	Complete	chr1_A_Pt	5413763	5416241	212.1	151
EOG092R0BUX	Complete	chr3_A_Pt	177363	179153	406.3	317
EOG092R0BUY	Complete	chr5_A_Pt	2718493	2720247	462.8	341
EOG092R0BWR	Complete	chr5_A_Pt	4545956	4547868	265.4	282
EOG092R0BY1	Complete	chr17_A_Pt	842831	844656	718.6	349
EOG092R0BY6	Complete	chr7_A_Pt	5961006	5962960	446.5	330
EOG092R0BYG	Complete	chr7_A_Pt	1869429	1871671	697.2	422
EOG092R0BZ8	Complete	chr1_A_Pt	9241432	9243217	341.0	357
EOG092R0C0G	Complete	chr7_A_Pt	4529968	4530666	138.9	165
EOG092R0C0P	Complete	chr17_A_Pt	1273443	1274949	514.5	321
EOG092R0C13	Complete	chr13_A_Pt	2078207	2080588	487.2	292
EOG092R0C17	Complete	chr7_A_Pt	2369831	2371394	364.3	278
EOG092R0C1R	Complete	chr2_A_Pt	4733085	4734879	594.6	423
EOG092R0C2U	Complete	chr3_A_Pt	7658435	7660185	546.7	344
EOG092R0C35	Complete	chr3_A_Pt	7372357	7374076	462.9	252
EOG092R0C3F	Complete	chr8_A_Pt	4306068	4307509	382.5	271
EOG092R0C54	Complete	chr16_A_Pt	985687	987009	360.9	229
EOG092R0C6Q	Complete	chr16_A_Pt	716217	717842	629.7	342
EOG092R0C7R	Complete	chr16_A_Pt	92063	94970	551.5	327
EOG092R0C7Y	Complete	chr11_A_Pt	2447628	2449483	720.7	348
EOG092R0C8F	Complete	chr1_A_Pt	7713649	7714950	366.9	281
EOG092R0C8Z	Complete	chr8_A_Pt	6049348	6051356	386.1	349
EOG092R0C95	Complete	chr6_A_Pt	7813655	7815451	609.2	319
EOG092R0C9A	Complete	chr4_A_Pt	8305320	8307142	229.4	247
EOG092R0C9U	Complete	chr16_A_Pt	1517591	1519619	744.8	387
EOG092R0CAE	Complete	chr14_A_Pt	3768819	3770548	328.5	305
EOG092R0CAT	Duplicated	chr18_A_Pt	459755	461227	325.7	286
EOG092R0CAT	Duplicated	chr7_A_Pt	6102132	6103604	329.4	287
EOG092R0CC7	Complete	chr7_A_Pt	6820303	6824582	382.9	278
EOG092R0CDN	Complete	chr18_A_Pt	165183	166904	601.7	286
EOG092R0CDU	Complete	chr6_A_Pt	5736472	5738100	565.2	270
EOG092R0CE7	Fragmented	chr8_A_Pt	526103	532065	267.7	167
EOG092R0CEA	Complete	chr11_A_Pt	3811514	3817059	590.4	362
EOG092R0CEK	Complete	chr15_A_Pt	1589784	1591616	396.4	334
EOG092R0CEN	Complete	chr7_A_Pt	109195	111336	635.2	453
EOG092R0CF5	Complete	chr15_A_Pt	195107	196673	586.6	359
EOG092R0CFE	Complete	chr18_A_Pt	2437518	2439243	692.9	343
EOG092R0CH9	Complete	chr3_A_Pt	7741860	7746203	443.3	290
EOG092R0CJ4	Complete	chr4_A_Pt	5275696	5279209	419.4	322
EOG092R0CJ8	Complete	chr11_A_Pt	2885296	2887739	722.3	356
EOG092R0CK5	Duplicated	chr3_A_Pt	3926857	3929575	393.2	251
EOG092R0CK5	Duplicated	chr4_A_Pt	4037674	4040274	390.8	251
EOG092R0CL0	Complete	chr14_A_Pt	1839376	1842497	691.0	480
EOG092R0CM9	Complete	chr1_A_Pt	1237530	1240122	358.9	431
EOG092R0CMF	Complete	chr18_A_Pt	2070560	2072575	483.2	370
EOG092R0CN6	Complete	chr17_A_Pt	2096848	2104030	277.8	245
EOG092R0COJ	Complete	chr11_A_Pt	2847888	2850883	498.3	593
EOG092R0CON	Complete	chr6_A_Pt	7811758	7813442	557.8	298
EOG092R0CPI	Complete	chr18_A_Pt	4071654	4075071	736.7	600
EOG092R0CQJ	Complete	chr15_A_Pt	4288936	4290568	739.3	365
EOG092R0CQO	Complete	chr5_A_Pt	1827748	1829580	497.4	363
EOG092R0CQT	Complete	chr6_A_Pt	2955769	2957100	209.9	270
EOG092R0CR8	Complete	chr12_A_Pt	417438	419785	460.7	326
EOG092R0CRJ	Complete	chr1_A_Pt	6754051	6755861	383.9	308
EOG092R0CSC	Complete	chr5_A_Pt	1743179	1744928	334.7	257
EOG092R0CSH	Complete	chr17_A_Pt	4070181	4072083	629.2	324
EOG092R0CXL	Complete	chr15_A_Pt	2211578	2213590	567.2	388
EOG092R0CZ5	Complete	chr11_A_Pt	1176827	1178993	478.1	410
EOG092R0CZV	Complete	chr12_A_Pt	2536830	2560725	343.4	340
EOG092R0D0J	Complete	chr5_A_Pt	1996034	1998213	519.2	406
EOG092R0D1W	Complete	chr3_A_Pt	1291324	1293727	406.8	383
EOG092R0D43	Complete	chr8_A_Pt	5966433	5967829	158.1	186
EOG092R0D4C	Complete	chr1_A_Pt	2677355	2678726	133.4	236
EOG092R0D4Y	Complete	chr4_A_Pt	2334529	2336041	637.6	385
EOG092R0D5N	Complete	chr2_A_Pt	7173142	7175165	493.9	332
EOG092R0D8D	Complete	chr18_A_Pt	2666065	2667797	225.1	237
EOG092R0DAA	Complete	chr3_A_Pt	8405300	8407206	215.9	262
EOG092R0DAS	Complete	chr8_A_Pt	492331	494075	475.9	277
EOG092R0DAX	Complete	chr13_A_Pt	3837557	3839732	302.2	313
EOG092R0DB4	Complete	chr12_A_Pt	2016788	2018156	414.4	265
EOG092R0DB8	Complete	chr2_A_Pt	1379024	1380004	225.3	186
EOG092R0DEA	Complete	chr6_A_Pt	4465134	4467452	327.8	329
EOG092R0DF6	Complete	chr3_A_Pt	7267507	7268747	377.6	256
EOG092R0DGH	Complete	chr3_A_Pt	7799684	7804996	260.9	241
EOG092R0DGZ	Complete	chr1_A_Pt	9351304	9353280	582.8	296
EOG092R0DIN	Complete	chr2_A_Pt	6429890	6430945	268.2	239
EOG092R0DJ1	Complete	chr15_A_Pt	404732	406267	474.1	303
EOG092R0DJY	Complete	chr7_A_Pt	7088672	7090421	523.4	282
EOG092R0DM6	Complete	chr1_A_Pt	6249677	6251215	183.1	230
EOG092R0DN6	Complete	chr1_A_Pt	6406657	6408048	335.8	248
EOG092R0DNQ	Fragmented	chr11_A_Pt	823756	834713	183.1	173
EOG092R0DQX	Complete	chr1_A_Pt	3737362	3739503	418.3	313
EOG092R0DR3	Complete	chr3_A_Pt	8500584	8502316	666.3	279
EOG092R0DSK	Complete	chr12_A_Pt	2922130	2923872	461.0	301
EOG092R0DTK	Complete	chr2_A_Pt	6093916	6096136	490.9	283
EOG092R0DU9	Missing
EOG092R0DWM	Complete	chr6_A_Pt	1620692	1622267	554.3	365
EOG092R0DWR	Complete	chr3_A_Pt	4608285	4609669	361.3	264
EOG092R0DWU	Complete	chr8_A_Pt	2137636	2139196	499.1	348
EOG092R0DXD	Complete	chr10_A_Pt	4697020	4698664	432.7	322
EOG092R0DZ6	Complete	chr12_A_Pt	2047278	2050065	263.7	327
EOG092R0DZB	Complete	chr7_A_Pt	1864508	1865927	228.8	228
EOG092R0E1C	Duplicated	chr3_A_Pt	7386643	7388026	464.6	307
EOG092R0E1C	Duplicated	chr6_A_Pt	5356927	5358320	467.9	308
EOG092R0E1F	Complete	chr2_A_Pt	377612	380416	427.6	456
EOG092R0E1V	Complete	chr6_A_Pt	3351517	3353020	377.6	237
EOG092R0E21	Complete	chr2_A_Pt	6896111	6897786	579.7	315
EOG092R0E2H	Complete	chr2_A_Pt	2444415	2445560	225.2	176
EOG092R0E2P	Complete	chr8_A_Pt	4509764	4512326	556.7	359
EOG092R0E2X	Complete	chr3_A_Pt	2746359	2747845	485.8	332
EOG092R0E4X	Duplicated	chr10_A_Pt	6002150	6003571	473.3	301
EOG092R0E4X	Duplicated	chr18_A_Pt	700408	701829	523.0	302
EOG092R0E6F	Complete	chr3_A_Pt	6308986	6310249	303.7	254
EOG092R0E7Z	Complete	chr13_A_Pt	2357993	2359831	514.5	309
EOG092R0E93	Complete	chr2_A_Pt	6680329	6681930	473.6	287
EOG092R0E9H	Complete	chr7_A_Pt	5623000	5624893	487.6	264
EOG092R0E9K	Complete	chr5_A_Pt	4222317	4223691	451.6	273
EOG092R0EAS	Complete	chr1_A_Pt	5701742	5703031	176.6	262
EOG092R0EC6	Complete	chr6_A_Pt	4923025	4924746	266.2	254
EOG092R0EEN	Complete	chr9_A_Pt	5122223	5123843	556.6	293
EOG092R0EGG	Complete	chr5_A_Pt	7435526	7437842	395.5	326
EOG092R0EIG	Complete	chr5_A_Pt	6488506	6489970	541.9	325
EOG092R0EJ5	Complete	chr15_A_Pt	1707725	1710319	535.6	309
EOG092R0EJP	Fragmented	chr14_A_Pt	5177765	5184791	538.0	302
EOG092R0ELR	Complete	chr7_A_Pt	2380698	2382486	622.9	331
EOG092R0EM4	Complete	chr6_A_Pt	383499	385144	407.5	321
EOG092R0EN7	Complete	chr18_A_Pt	224724	230503	236.5	340
EOG092R0ENE	Complete	chr16_A_Pt	3924511	3925848	100.5	177
EOG092R0ENX	Complete	chr16_A_Pt	4014987	4017229	617.7	340
EOG092R0EO7	Complete	chr10_A_Pt	5726478	5732554	262.6	269
EOG092R0EOC	Complete	chr5_A_Pt	1915205	1916699	371.2	288
EOG092R0EPM	Complete	chr6_A_Pt	778593	781242	455.6	497
EOG092R0EPO	Complete	chr8_A_Pt	4963376	4965082	589.1	283
EOG092R0EQ9	Complete	chr5_A_Pt	6565433	6567709	519.0	356
EOG092R0EQS	Complete	chr5_A_Pt	871818	873227	229.4	177
EOG092R0ERM	Complete	chr6_A_Pt	3576948	3578470	169.3	296
EOG092R0ESY	Complete	chr1_A_Pt	4303472	4305253	231.9	229
EOG092R0EUG	Missing
EOG092R0EVO	Complete	chr9_A_Pt	3007534	3010547	341.0	537
EOG092R0EWK	Complete	chr2_A_Pt	6409995	6412405	271.4	283
EOG092R0EXY	Complete	chr18_A_Pt	2139611	2141428	396.4	275
EOG092R0EY7	Missing
EOG092R0F09	Complete	chr1_A_Pt	1183688	1185990	668.3	462
EOG092R0F1M	Complete	chr2_A_Pt	5707773	5708787	158.1	142
EOG092R0F24	Complete	chr15_A_Pt	1274028	1275064	218.9	195
EOG092R0F25	Complete	chr5_A_Pt	3702786	3708985	132.1	131
EOG092R0F34	Complete	chr13_A_Pt	556131	557357	335.1	217
EOG092R0F3N	Complete	chr1_A_Pt	202431	203784	232.3	215
EOG092R0F4T	Complete	chr8_A_Pt	5187379	5189183	533.4	405
EOG092R0F52	Complete	chr1_A_Pt	5991592	5993310	497.7	304
EOG092R0F5V	Complete	chr11_A_Pt	675548	677760	329.9	419
EOG092R0F5X	Duplicated	chr15_A_Pt	1050591	1052512	544.0	304
EOG092R0F5X	Duplicated	chr7_A_Pt	4164955	4166810	544.6	305
EOG092R0F64	Missing
EOG092R0F67	Complete	chr6_A_Pt	2118692	2125051	292.1	269
EOG092R0F74	Complete	chr6_A_Pt	6250899	6252759	579.7	303
EOG092R0F76	Complete	chr14_A_Pt	3093627	3095772	407.2	291
EOG092R0F7R	Complete	chr1_A_Pt	5652534	5654262	419.9	268
EOG092R0F8A	Complete	chr16_A_Pt	1089905	1101128	365.1	481
EOG092R0FAM	Complete	chr3_A_Pt	171472	177311	115.8	156
EOG092R0FAZ	Complete	chr4_A_Pt	2069837	2076000	392.4	268
EOG092R0FCI	Complete	chr5_A_Pt	2273913	2275608	324.5	194
EOG092R0FCN	Missing
EOG092R0FDD	Complete	chr1_A_Pt	9277413	9283332	201.7	263
EOG092R0FFP	Complete	chr9_A_Pt	6387475	6389071	263.3	228
EOG092R0FIM	Complete	chr4_A_Pt	1154815	1156704	234.2	261
EOG092R0FJL	Complete	chr11_A_Pt	3013017	3014337	431.7	319
EOG092R0FKC	Complete	chr10_A_Pt	3059257	3060415	430.4	244
EOG092R0FLV	Complete	chr5_A_Pt	794858	796245	367.3	232
EOG092R0FOA	Complete	chr10_A_Pt	4719079	4720816	554.6	268
EOG092R0FOI	Complete	chr7_A_Pt	6516785	6518583	452.3	326
EOG092R0FOM	Complete	chr18_A_Pt	2668776	2670456	540.0	284
EOG092R0FP6	Complete	chr3_A_Pt	3720012	3721412	463.9	265
EOG092R0FPZ	Complete	chr2_A_Pt	6590702	6592474	494.8	288
EOG092R0FQ5	Complete	chr18_A_Pt	1758253	1760087	274.8	261
EOG092R0FQB	Complete	chr2_A_Pt	4078001	4079199	439.9	204
EOG092R0FRD	Complete	chr5_A_Pt	1668691	1669714	236.3	132
EOG092R0FRL	Complete	chr10_A_Pt	6037352	6039045	445.5	311
EOG092R0FRY	Complete	chr14_A_Pt	5024090	5026070	396.2	355
EOG092R0FS2	Duplicated	chr6_A_Pt	5557555	5561667	426.3	256
EOG092R0FS2	Duplicated	chr6_A_Pt	5578093	5581779	433.6	273
EOG092R0FSA	Complete	chr1_A_Pt	8226930	8228621	457.2	313
EOG092R0FSQ	Complete	chr9_A_Pt	3782614	3784115	334.9	222
EOG092R0FTB	Complete	chr6_A_Pt	6715592	6717351	524.7	312
EOG092R0FU7	Complete	chr5_A_Pt	7000802	7002206	382.1	219
EOG092R0FWB	Complete	chr11_A_Pt	1536157	1537954	284.9	229
EOG092R0FZH	Complete	chr6_A_Pt	409176	412082	102.1	101
EOG092R0FZK	Complete	chr18_A_Pt	536557	537831	338.5	252
EOG092R0G14	Complete	chr4_A_Pt	2389844	2391331	294.7	285
EOG092R0G52	Complete	chr2_A_Pt	1932399	1938063	89.9	141
EOG092R0G64	Complete	chr16_A_Pt	1567696	1569223	359.8	333
EOG092R0G68	Complete	chr8_A_Pt	5054740	5056575	171.7	254
EOG092R0G9F	Complete	chr3_A_Pt	8354816	8356180	315.4	232
EOG092R0G9L	Complete	chr1_A_Pt	278391	280054	393.4	275
EOG092R0GA6	Complete	chr15_A_Pt	2806305	2807646	286.0	209
EOG092R0GBD	Complete	chr16_A_Pt	2314211	2316492	460.6	422
EOG092R0GCI	Complete	chr12_A_Pt	6679078	6681642	358.6	232
EOG092R0GFL	Complete	chr3_A_Pt	5283152	5284839	517.3	246
EOG092R0GFN	Complete	chr13_A_Pt	2214137	2215804	521.8	288
EOG092R0GG7	Duplicated	chr8_A_Pt	4799137	4801103	313.4	273
EOG092R0GG7	Duplicated	chr8_A_Pt	4809910	4811876	313.4	273
EOG092R0GGJ	Complete	chr7_A_Pt	6309915	6311400	321.2	225
EOG092R0GHG	Complete	chr4_A_Pt	2023376	2025591	228.1	299
EOG092R0GHH	Complete	chr11_A_Pt	4512246	4514767	243.0	326
EOG092R0GIT	Complete	chr5_A_Pt	7786784	7788084	425.8	308
EOG092R0GJ9	Complete	chr4_A_Pt	4296200	4297763	436.0	288
EOG092R0GKM	Complete	chr7_A_Pt	757051	758496	369.3	249
EOG092R0GLU	Complete	chr5_A_Pt	4225565	4226803	279.7	203
EOG092R0GLY	Complete	chr2_A_Pt	637905	639748	396.5	229
EOG092R0GN4	Complete	chr2_A_Pt	7709735	7711264	416.8	249
EOG092R0GNS	Complete	chr14_A_Pt	4706467	4707843	405.7	254
EOG092R0GO4	Complete	chr7_A_Pt	2538988	2540267	402.6	257
EOG092R0GO5	Complete	chr1_A_Pt	5866001	5867825	402.4	286
EOG092R0GQ1	Complete	chr5_A_Pt	5737541	5738832	229.2	190
EOG092R0GRB	Complete	chr3_A_Pt	4980580	4982372	442.6	310
EOG092R0GS9	Complete	chr13_A_Pt	536005	537693	499.7	294
EOG092R0GT4	Complete	chr15_A_Pt	1052726	1054128	303.8	234
EOG092R0GTJ	Complete	chr11_A_Pt	6039628	6041142	476.3	261
EOG092R0GU0	Complete	chr6_A_Pt	6265685	6268098	315.6	239
EOG092R0GUF	Complete	chr4_A_Pt	2396278	2397403	339.3	227
EOG092R0GUH	Complete	chr12_A_Pt	4334731	4336194	531.5	263
EOG092R0GUK	Complete	chr1_A_Pt	784261	785623	325.9	253
EOG092R0GUL	Complete	chr12_A_Pt	2015236	2016631	187.3	251
EOG092R0GWI	Missing
EOG092R0GX1	Complete	chr3_A_Pt	7258001	7259791	428.4	303
EOG092R0GXT	Complete	chr6_A_Pt	674378	676346	135.2	271
EOG092R0GYO	Complete	chr17_A_Pt	743876	745497	539.8	267
EOG092R0GZC	Complete	chr6_A_Pt	3984085	3985401	344.7	213
EOG092R0GZG	Missing
EOG092R0GZP	Complete	chr2_A_Pt	1455694	1457486	221.8	176
EOG092R0H00	Complete	chr5_A_Pt	1294263	1296029	328.7	275
EOG092R0H11	Complete	chr9_A_Pt	839393	840889	166.9	204
EOG092R0H3E	Complete	chr16_A_Pt	1063447	1066734	505.5	422
EOG092R0H3G	Complete	chr17_A_Pt	980173	981331	119.0	123
EOG092R0H4U	Complete	chr12_A_Pt	5931252	5934131	254.3	191
EOG092R0H5C	Complete	chr9_A_Pt	4236973	4242139	236.9	203
EOG092R0H62	Complete	chr11_A_Pt	5932622	5935450	116.7	213
EOG092R0H6M	Complete	chr2_A_Pt	89861	91265	391.4	242
EOG092R0H6Z	Fragmented	chr1_A_Pt	7286986	7293260	381.0	239
EOG092R0H8R	Complete	chr2_A_Pt	4166584	4167678	266.9	196
EOG092R0H91	Complete	chr12_A_Pt	1910943	1912990	353.5	222
EOG092R0H9A	Complete	chr6_A_Pt	4639594	4640582	333.0	197
EOG092R0H9C	Complete	chr11_A_Pt	2497932	2498999	235.2	250
EOG092R0H9E	Complete	chr3_A_Pt	3569167	3571773	341.3	205
EOG092R0H9Y	Complete	chr14_A_Pt	1876014	1877689	526.9	262
EOG092R0HA8	Complete	chr3_A_Pt	7146714	7148113	252.5	201
EOG092R0HB1	Complete	chr10_A_Pt	3126832	3128024	340.3	265
EOG092R0HCF	Duplicated	chr14_A_Pt	2299770	2301315	311.8	191
EOG092R0HCF	Duplicated	chr18_A_Pt	793085	794261	307.8	191
EOG092R0HDR	Complete	chr1_A_Pt	80954	87098	148.0	189
EOG092R0HEY	Complete	chr15_A_Pt	1021180	1023886	549.9	401
EOG092R0HFL	Complete	chr7_A_Pt	2378691	2380166	416.5	233
EOG092R0HG0	Complete	chr8_A_Pt	6684675	6686395	420.7	253
EOG092R0HHR	Complete	chr5_A_Pt	6546825	6554934	172.6	226
EOG092R0HHS	Complete	chr4_A_Pt	4339228	4340868	347.0	229
EOG092R0HHV	Complete	chr18_A_Pt	3411761	3413374	317.7	247
EOG092R0HKX	Complete	chr15_A_Pt	498493	499685	314.6	212
EOG092R0HLQ	Missing
EOG092R0HNM	Complete	chr3_A_Pt	7990460	7991629	240.3	189
EOG092R0HNU	Complete	chr10_A_Pt	4561840	4563406	425.9	215
EOG092R0HNX	Complete	chr2_A_Pt	2183366	2184791	361.0	216
EOG092R0HP9	Complete	chr18_A_Pt	165183	169872	217.8	211
EOG092R0HPF	Complete	chr1_A_Pt	9145510	9147041	334.7	226
EOG092R0HRZ	Complete	chr4_A_Pt	1046326	1048143	463.1	247
EOG092R0HSR	Complete	chr4_A_Pt	7327144	7329081	124.9	207
EOG092R0HTG	Complete	chr3_A_Pt	8819189	8820561	215.3	171
EOG092R0HTQ	Fragmented	chr1_A_Pt	3908453	3914778	300.6	281
EOG092R0HU8	Complete	chr17_A_Pt	458798	461255	555.6	355
EOG092R0HUD	Complete	chr8_A_Pt	3720711	3722490	342.6	230
EOG092R0HUS	Complete	chr2_A_Pt	5275808	5277349	368.8	235
EOG092R0HUT	Complete	chr8_A_Pt	729987	731670	294.0	293
EOG092R0HV1	Complete	chr7_A_Pt	3661073	3662349	275.2	213
EOG092R0HVD	Complete	chr11_A_Pt	6881524	6883399	357.6	211
EOG092R0HVM	Complete	chr7_A_Pt	1565979	1567671	332.4	215
EOG092R0HVW	Complete	chr9_A_Pt	6470384	6472658	357.6	305
EOG092R0HVX	Complete	chr1_A_Pt	9165304	9171060	135.3	128
EOG092R0HWE	Duplicated	chr16_A_Pt	2987190	2988873	453.6	306
EOG092R0HWE	Duplicated	chr16_A_Pt	3000808	3002492	451.4	306
EOG092R0HX3	Complete	chr7_A_Pt	4406203	4408400	289.8	230
EOG092R0HZT	Complete	chr7_A_Pt	7024081	7027305	492.3	299
EOG092R0I06	Complete	chr1_A_Pt	2638225	2639702	306.9	245
EOG092R0I0W	Complete	chr12_A_Pt	647915	649579	363.5	273
EOG092R0I1Q	Complete	chr10_A_Pt	6942156	6944210	382.0	345
EOG092R0I2Q	Complete	chr6_A_Pt	3417022	3418273	354.9	230
EOG092R0I40	Complete	chr1_A_Pt	6945049	6946541	219.5	277
EOG092R0I4I	Duplicated	chr17_A_Pt	4554910	4556627	275.7	239
EOG092R0I4I	Duplicated	chr17_A_Pt	4585699	4587407	275.5	239
EOG092R0I55	Complete	chr3_A_Pt	7677166	7678289	261.8	211
EOG092R0I5K	Complete	chr16_A_Pt	1894943	1895898	172.8	189
EOG092R0I6A	Missing
EOG092R0I91	Complete	chr2_A_Pt	55976	57247	366.7	238
EOG092R0I97	Complete	chr9_A_Pt	5253443	5254997	563.2	296
EOG092R0I9G	Complete	chr10_A_Pt	1190499	1192420	313.2	219
EOG092R0IBO	Complete	chr8_A_Pt	1610582	1612235	347.5	260
EOG092R0IBZ	Complete	chr17_A_Pt	2857564	2858569	208.4	174
EOG092R0IC5	Complete	chr3_A_Pt	8493446	8494777	292.0	196
EOG092R0ICU	Complete	chr8_A_Pt	7524696	7528154	258.2	240
EOG092R0IFA	Complete	chr10_A_Pt	5204646	5206125	278.9	277
EOG092R0II2	Complete	chr18_A_Pt	4075234	4076348	174.6	218
EOG092R0IJ0	Complete	chr5_A_Pt	2673696	2675382	393.5	290
EOG092R0IL3	Missing
EOG092R0IM4	Complete	chr11_A_Pt	1064159	1065370	446.8	230
EOG092R0IMW	Complete	chr7_A_Pt	6620289	6622645	84.5	164
EOG092R0IN4	Complete	chr18_A_Pt	864362	865593	241.2	180
EOG092R0IO1	Complete	chr7_A_Pt	5688837	5690528	244.3	232
EOG092R0IOJ	Complete	chr12_A_Pt	2778501	2784167	303.7	272
EOG092R0IP8	Complete	chr1_A_Pt	7263565	7264961	447.9	281
EOG092R0IPH	Complete	chr9_A_Pt	6216988	6218006	316.4	181
EOG092R0IPT	Complete	chr1_A_Pt	4986727	4988003	176.5	153
EOG092R0IPY	Complete	chr14_A_Pt	5229196	5230300	260.0	207
EOG092R0IQT	Complete	chr3_A_Pt	7512867	7514054	174.8	150
EOG092R0IR0	Complete	chr10_A_Pt	465983	473916	143.6	147
EOG092R0IR4	Fragmented	chr9_A_Pt	864213	875513	169.7	143
EOG092R0IRO	Complete	chr15_A_Pt	1260007	1261612	422.9	210
EOG092R0ISI	Complete	chr3_A_Pt	3678714	3680210	453.6	266
EOG092R0ITD	Complete	chr4_A_Pt	4246338	4252471	197.7	210
EOG092R0IUN	Complete	chr8_A_Pt	2964959	2966125	526.5	288
EOG092R0IUS	Complete	chr8_A_Pt	5857690	5864418	476.4	667
EOG092R0IY1	Complete	chr14_A_Pt	4004362	4005693	403.0	225
EOG092R0IY8	Complete	chr17_A_Pt	1803492	1804814	202.7	232
EOG092R0J0M	Complete	chr12_A_Pt	1465597	1470871	197.1	283
EOG092R0J19	Complete	chr6_A_Pt	1159707	1161553	281.6	281
EOG092R0J2R	Complete	chr5_A_Pt	4155727	4156732	300.1	183
EOG092R0J38	Complete	chr5_A_Pt	2407480	2415514	103.6	174
EOG092R0J3L	Complete	chr8_A_Pt	4207654	4209621	226.8	198
EOG092R0J4X	Complete	chr7_A_Pt	1139168	1140427	279.8	203
EOG092R0J54	Complete	chr12_A_Pt	2521834	2523035	459.4	239
EOG092R0J7Z	Complete	chr2_A_Pt	6895096	6895731	238.3	189
EOG092R0JAY	Complete	chr13_A_Pt	1945555	1947026	195.0	225
EOG092R0JB8	Complete	chr1_A_Pt	8992923	8994059	346.8	221
EOG092R0JBC	Complete	chr7_A_Pt	681410	682779	386.5	241
EOG092R0JCZ	Complete	chr6_A_Pt	6822883	6823904	173.5	164
EOG092R0JF0	Complete	chr12_A_Pt	120326	121374	308.6	207
EOG092R0JFN	Complete	chr3_A_Pt	92606	93694	207.9	176
EOG092R0JFS	Complete	chr5_A_Pt	6907238	6908166	163.7	108
EOG092R0JGQ	Complete	chr18_A_Pt	483432	484596	386.6	235
EOG092R0JHD	Complete	chr4_A_Pt	8362303	8363900	379.0	312
EOG092R0JI2	Complete	chr5_A_Pt	6895846	6896993	335.5	153
EOG092R0JLJ	Complete	chr2_A_Pt	6129755	6131100	128.2	173
EOG092R0JMT	Complete	chr2_A_Pt	5436340	5437860	246.2	268
EOG092R0JO3	Complete	chr17_A_Pt	2920717	2921936	355.4	248
EOG092R0JOD	Complete	chr15_A_Pt	1360133	1361080	198.1	177
EOG092R0JOQ	Complete	chr5_A_Pt	1680803	1682062	276.6	242
EOG092R0JP7	Complete	chr4_A_Pt	4350706	4352300	410.3	299
EOG092R0JQ5	Missing
EOG092R0JQS	Complete	chr3_A_Pt	4097635	4099524	256.4	238
EOG092R0JRS	Complete	chr3_A_Pt	5473183	5479764	226.4	216
EOG092R0JSR	Duplicated	chr3_A_Pt	694419	695443	311.1	182
EOG092R0JSR	Duplicated	chr6_A_Pt	493651	494654	309.7	182
EOG092R0JTZ	Complete	chr4_A_Pt	5342022	5343272	393.9	239
EOG092R0JVE	Complete	chr4_A_Pt	6706429	6708110	257.5	170
EOG092R0JVF	Complete	chr7_A_Pt	5932041	5933299	281.9	194
EOG092R0JVI	Complete	chr6_A_Pt	490845	493099	144.0	127
EOG092R0JW1	Complete	chr14_A_Pt	1667174	1668667	150.8	126
EOG092R0JWL	Complete	chr11_A_Pt	6905725	6907045	241.4	259
EOG092R0JWU	Complete	chr18_A_Pt	585609	587630	166.5	142
EOG092R0JXF	Complete	chr10_A_Pt	875314	876203	297.7	172
EOG092R0JXG	Duplicated	chr10_A_Pt	3140842	3145719	212.0	182
EOG092R0JXG	Duplicated	chr15_A_Pt	845085	846092	241.8	205
EOG092R0JY0	Complete	chr8_A_Pt	528987	530476	384.3	341
EOG092R0JYJ	Complete	chr2_A_Pt	4842202	4843732	250.4	202
EOG092R0JYK	Complete	chr5_A_Pt	1786342	1788190	483.9	275
EOG092R0JZP	Fragmented	chr6_A_Pt	5403009	5413970	281.6	170
EOG092R0K1D	Complete	chr2_A_Pt	7627021	7628125	200.9	140
EOG092R0K4F	Fragmented	chr4_A_Pt	2321573	2330364	180.4	186
EOG092R0K51	Complete	chr15_A_Pt	2512801	2514190	424.6	217
EOG092R0K5I	Complete	chr2_A_Pt	2543760	2551565	145.6	199
EOG092R0K5L	Complete	chr1_A_Pt	9196414	9197574	248.9	212
EOG092R0K67	Complete	chr7_A_Pt	2530342	2532294	385.0	265
EOG092R0K6S	Complete	chr11_A_Pt	533309	535127	121.9	200
EOG092R0K73	Duplicated	chr8_A_Pt	614022	615092	261.5	166
EOG092R0K73	Duplicated	chr8_A_Pt	623145	624215	261.5	166
EOG092R0K7F	Complete	chr16_A_Pt	250000	251886	234.4	258
EOG092R0K7J	Complete	chr3_A_Pt	7884149	7885393	195.5	192
EOG092R0K82	Complete	chr6_A_Pt	5365173	5366431	289.2	216
EOG092R0K85	Complete	chr4_A_Pt	4244116	4246807	267.6	272
EOG092R0K96	Complete	chr5_A_Pt	5878368	5879768	449.7	475
EOG092R0KA8	Complete	chr15_A_Pt	1898777	1899604	236.1	200
EOG092R0KAX	Complete	chr5_A_Pt	2560075	2561342	266.8	204
EOG092R0KB9	Complete	chr11_A_Pt	4277411	4278518	216.4	136
EOG092R0KCV	Complete	chr7_A_Pt	5884439	5885765	306.7	214
EOG092R0KDZ	Complete	chr18_A_Pt	3354624	3355729	433.4	215
EOG092R0KE0	Complete	chr12_A_Pt	148736	149951	303.9	212
EOG092R0KED	Missing
EOG092R0KF4	Complete	chr8_A_Pt	6055237	6056384	158.0	176
EOG092R0KH0	Complete	chr3_A_Pt	518690	519492	136.2	166
EOG092R0KHQ	Complete	chr9_A_Pt	4655397	4657833	563.4	419
EOG092R0KI1	Complete	chr11_A_Pt	2411135	2411998	364.7	171
EOG092R0KI5	Complete	chr2_A_Pt	1829149	1830563	171.2	191
EOG092R0KIU	Complete	chr17_A_Pt	2862185	2863326	436.3	256
EOG092R0KIX	Complete	chr11_A_Pt	4292216	4293481	364.3	198
EOG092R0KJJ	Complete	chr6_A_Pt	736642	738342	188.9	200
EOG092R0KK9	Complete	chr4_A_Pt	2322121	2323235	181.9	173
EOG092R0KKU	Complete	chr1_A_Pt	4820606	4822052	372.2	192
EOG092R0KL3	Complete	chr4_A_Pt	232977	238935	187.9	165
EOG092R0KLB	Complete	chr1_A_Pt	7931047	7932209	392.9	277
EOG092R0KN3	Complete	chr7_A_Pt	1876324	1879899	251.6	246
EOG092R0KO7	Complete	chr5_A_Pt	1010994	1012707	378.1	229
EOG092R0KOB	Complete	chr4_A_Pt	2366236	2367802	271.4	235
EOG092R0KOW	Complete	chr12_A_Pt	2713363	2714248	344.1	175
EOG092R0KP0	Complete	chr4_A_Pt	5662547	5663847	281.4	221
EOG092R0KQA	Complete	chr13_A_Pt	5180501	5182025	76.8	197
EOG092R0KR3	Complete	chr12_A_Pt	1024410	1025695	207.0	141
EOG092R0KRN	Complete	chr11_A_Pt	2929836	2931158	258.0	173
EOG092R0KRT	Complete	chr5_A_Pt	3936710	3937810	319.0	197
EOG092R0KS0	Complete	chr6_A_Pt	1771559	1772650	187.6	165
EOG092R0KT6	Complete	chr10_A_Pt	5798063	5798987	241.8	143
EOG092R0KW0	Complete	chr3_A_Pt	5200169	5201452	180.2	194
EOG092R0KXT	Complete	chr4_A_Pt	1797778	1798951	231.5	168
EOG092R0KXW	Complete	chr15_A_Pt	744950	745937	309.6	184
EOG092R0KYN	Complete	chr2_A_Pt	4221521	4222683	252.3	187
EOG092R0KZK	Duplicated	chr10_A_Pt	4764232	4765278	367.1	171
EOG092R0KZK	Duplicated	chr17_A_Pt	1099590	1100637	367.1	171
EOG092R0L04	Complete	chr12_A_Pt	1635644	1638335	327.5	311
EOG092R0L0R	Complete	chr1_A_Pt	9454749	9455668	234.3	150
EOG092R0L1J	Complete	chr7_A_Pt	2562150	2563177	402.8	194
EOG092R0L1O	Complete	chr11_A_Pt	5937478	5938913	259.6	229
EOG092R0L2H	Fragmented	chr7_A_Pt	1509194	1515834	225.3	292
EOG092R0L3B	Fragmented	chr15_A_Pt	4093040	4098849	167.1	163
EOG092R0L3D	Complete	chr1_A_Pt	745294	746139	327.1	228
EOG092R0L43	Complete	chr14_A_Pt	2152556	2159068	126.4	231
EOG092R0L57	Complete	chr9_A_Pt	6088795	6095184	100.8	175
EOG092R0L76	Complete	chr5_A_Pt	2290553	2291684	411.3	189
EOG092R0L95	Complete	chr16_A_Pt	136106	137432	342.1	197
EOG092R0L9D	Complete	chr6_A_Pt	20779	22142	298.7	223
EOG092R0LAR	Complete	chr16_A_Pt	1701073	1702770	390.7	274
EOG092R0LEB	Complete	chr12_A_Pt	5798392	5801080	187.6	223
EOG092R0LEP	Complete	chr13_A_Pt	2366307	2367596	412.2	219
EOG092R0LIS	Complete	chr15_A_Pt	3666520	3674352	416.9	481
EOG092R0LJB	Complete	chr7_A_Pt	6624472	6625218	209.1	133
EOG092R0LJS	Missing
EOG092R0LLW	Duplicated	chr16_A_Pt	4071344	4072412	339.5	185
EOG092R0LLW	Duplicated	chr16_A_Pt	4095700	4096769	339.5	185
EOG092R0LLW	Duplicated	chr6_A_Pt	6403144	6404201	339.6	185
EOG092R0LOV	Duplicated	chr16_A_Pt	2322031	2322819	206.8	148
EOG092R0LOV	Duplicated	chr2_A_Pt	1944745	1945536	210.3	149
EOG092R0LP1	Fragmented	chr5_A_Pt	5580101	5618109	300.7	314
EOG092R0LPA	Complete	chr5_A_Pt	6347787	6348903	340.6	187
EOG092R0LQ1	Complete	chr5_A_Pt	2040688	2041834	307.5	171
EOG092R0LSC	Complete	chr11_A_Pt	5597347	5598460	299.3	186
EOG092R0LT9	Fragmented	chr1_A_Pt	5510540	5516716	242.8	117
EOG092R0LTJ	Complete	chr5_A_Pt	5169797	5172478	229.6	388
EOG092R0LTN	Complete	chr4_A_Pt	5366519	5367450	179.5	138
EOG092R0LTO	Missing
EOG092R0LUS	Complete	chr8_A_Pt	6607295	6611419	87.4	130
EOG092R0LVW	Complete	chr1_A_Pt	1050814	1051855	220.3	161
EOG092R0LW2	Complete	chr8_A_Pt	4204897	4206662	288.2	228
EOG092R0LW9	Complete	chr9_A_Pt	896666	897647	220.7	143
EOG092R0LY7	Missing
EOG092R0LYG	Complete	chr13_A_Pt	1634927	1636165	196.9	158
EOG092R0LZX	Complete	chr18_A_Pt	1461156	1462591	208.4	307
EOG092R0M21	Complete	chr6_A_Pt	6542672	6544239	253.6	190
EOG092R0M3R	Complete	chr9_A_Pt	6582743	6584309	337.2	209
EOG092R0M42	Complete	chr12_A_Pt	3598275	3599404	472.2	232
EOG092R0M5K	Complete	chr12_A_Pt	2222561	2223667	193.9	204
EOG092R0M60	Complete	chr15_A_Pt	607092	608189	368.8	201
EOG092R0M62	Complete	chr3_A_Pt	8822747	8824594	236.3	223
EOG092R0M8R	Complete	chr18_A_Pt	853393	854508	50.7	105
EOG092R0M9E	Duplicated	chr14_A_Pt	1284436	1285468	329.2	176
EOG092R0M9E	Duplicated	chr7_A_Pt	6857439	6858456	330.2	176
EOG092R0M9J	Complete	chr1_A_Pt	1477772	1478893	211.1	118
EOG092R0MAA	Complete	chr2_A_Pt	431804	433099	308.9	157
EOG092R0MAC	Missing
EOG092R0MAZ	Complete	chr7_A_Pt	3706251	3707447	230.9	187
EOG092R0MBH	Complete	chr8_A_Pt	4375254	4376664	289.5	222
EOG092R0MDW	Complete	chr5_A_Pt	7733400	7734470	252.4	164
EOG092R0MEM	Complete	chr17_A_Pt	1093598	1095456	267.1	240
EOG092R0MFG	Complete	chr12_A_Pt	2227685	2228914	223.2	163
EOG092R0MGP	Complete	chr15_A_Pt	1120934	1122031	198.0	145
EOG092R0MGX	Complete	chr4_A_Pt	2343174	2347263	317.6	261
EOG092R0MJ9	Complete	chr3_A_Pt	3594439	3595340	137.4	191
EOG092R0MJK	Duplicated	chr11_A_Pt	3514593	3515497	338.8	180
EOG092R0MJK	Duplicated	chr6_A_Pt	64335	65245	341.6	180
EOG092R0MJU	Complete	chr13_A_Pt	5261740	5262534	167.0	127
EOG092R0MKD	Complete	chr7_A_Pt	1743581	1745035	299.4	211
EOG092R0MLD	Fragmented	chr18_A_Pt	497094	507757	71.3	52
EOG092R0MMA	Complete	chr8_A_Pt	6281846	6283439	231.2	169
EOG092R0MMV	Complete	chr18_A_Pt	867445	868458	338.5	181
EOG092R0MO6	Complete	chr2_A_Pt	2633553	2634717	256.8	157
EOG092R0MO9	Complete	chr3_A_Pt	1012967	1014097	340.1	209
EOG092R0MQD	Complete	chr15_A_Pt	1191938	1192908	288.1	202
EOG092R0MRI	Complete	chr14_A_Pt	1203725	1204867	246.0	125
EOG092R0MRQ	Missing
EOG092R0MSR	Complete	chr13_A_Pt	84402	86180	137.3	133
EOG092R0MU5	Complete	chr13_A_Pt	1357488	1358718	246.7	195
EOG092R0MUQ	Complete	chr5_A_Pt	2055136	2056110	390.6	182
EOG092R0MWE	Complete	chr9_A_Pt	6491391	6492873	203.6	218
EOG092R0MWK	Fragmented	chr1_A_Pt	8620570	8626391	178.0	167
EOG092R0MWX	Complete	chr2_A_Pt	5891910	5893266	253.7	192
EOG092R0MXM	Complete	chr12_A_Pt	614028	614934	129.2	108
EOG092R0MXX	Complete	chr7_A_Pt	178581	179247	216.8	151
EOG092R0MYJ	Complete	chr12_A_Pt	4435503	4436672	351.1	160
EOG092R0MZJ	Complete	chr1_A_Pt	7932684	7934831	376.3	298
EOG092R0MZO	Complete	chr3_A_Pt	3655760	3656660	128.3	91
EOG092R0N1R	Complete	chr1_A_Pt	2153718	2155010	335.8	167
EOG092R0N2B	Complete	chr8_A_Pt	3885025	3888779	79.5	153
EOG092R0N2X	Complete	chr5_A_Pt	7564592	7565795	156.1	195
EOG092R0N34	Complete	chr12_A_Pt	1022389	1023225	250.5	162
EOG092R0N37	Complete	chr3_A_Pt	8870563	8871594	259.5	169
EOG092R0N3K	Complete	chr10_A_Pt	3228889	3230828	269.1	156
EOG092R0N3P	Complete	chr4_A_Pt	7499603	7500775	241.9	186
EOG092R0N43	Complete	chr5_A_Pt	7330327	7331926	234.3	154
EOG092R0N4K	Complete	chr2_A_Pt	53889	55399	301.7	212
EOG092R0N57	Complete	chr3_A_Pt	3817930	3819427	219.9	289
EOG092R0N6R	Complete	chr10_A_Pt	969291	970657	415.5	228
EOG092R0N6Y	Complete	chr6_A_Pt	4109650	4110761	273.3	168
EOG092R0N7A	Complete	chr8_A_Pt	4183830	4184828	292.7	155
EOG092R0N8E	Complete	chr3_A_Pt	577223	578496	288.2	190
EOG092R0N94	Fragmented	chr6_A_Pt	4009981	4015784	124.2	127
EOG092R0N98	Complete	chr9_A_Pt	6389257	6390302	214.9	134
EOG092R0NAG	Complete	chr12_A_Pt	870464	871588	202.6	172
EOG092R0NAJ	Complete	chr14_A_Pt	1043478	1044697	216.0	155
EOG092R0NAM	Complete	chr1_A_Pt	7640933	7642541	282.2	233
EOG092R0NC7	Complete	chr15_A_Pt	4037672	4038503	134.5	142
EOG092R0NCM	Complete	chr2_A_Pt	534320	535328	178.5	142
EOG092R0NCS	Complete	chr9_A_Pt	306005	307370	291.9	232
EOG092R0NED	Complete	chr9_A_Pt	1420855	1422076	222.5	167
EOG092R0NF1	Complete	chr4_A_Pt	2364912	2366397	354.4	191
EOG092R0NFZ	Complete	chr18_A_Pt	1231693	1232587	282.4	164
EOG092R0NGS	Complete	chr8_A_Pt	771577	772576	258.7	157
EOG092R0NHF	Complete	chr13_A_Pt	2096661	2097888	282.6	217
EOG092R0NHH	Complete	chr1_A_Pt	323146	325117	244.4	161
EOG092R0NIR	Complete	chr10_A_Pt	6640943	6642027	276.4	181
EOG092R0NJ2	Complete	chr7_A_Pt	4493887	4495194	167.4	150
EOG092R0NJW	Complete	chr8_A_Pt	956659	957993	250.6	194
EOG092R0NKU	Complete	chr8_A_Pt	2219647	2220978	269.9	169
EOG092R0NL4	Missing
EOG092R0NL5	Complete	chr11_A_Pt	5893488	5894586	208.3	158
EOG092R0NL8	Complete	chr3_A_Pt	4719580	4720563	182.1	154
EOG092R0NLE	Complete	chr3_A_Pt	7514249	7515304	172.4	139
EOG092R0NLS	Complete	chr2_A_Pt	1495125	1496372	245.9	168
EOG092R0NLZ	Complete	chr4_A_Pt	1820646	1821354	135.4	108
EOG092R0NNF	Complete	chr5_A_Pt	1209916	1211102	235.2	162
EOG092R0NNM	Complete	chr5_A_Pt	1941983	1945988	202.6	209
EOG092R0NOG	Complete	chr9_A_Pt	343160	344032	330.1	161
EOG092R0NPD	Complete	chr5_A_Pt	380707	382248	398.4	284
EOG092R0NQ0	Complete	chr17_A_Pt	2621141	2622602	220.1	134
EOG092R0NQO	Complete	chr16_A_Pt	1014217	1015100	125.8	138
EOG092R0NSH	Complete	chr1_A_Pt	3799206	3800229	296.8	171
EOG092R0NUQ	Complete	chr11_A_Pt	3376895	3378641	256.9	142
EOG092R0NWK	Complete	chr5_A_Pt	3386413	3387607	250.2	136
EOG092R0NWY	Complete	chr15_A_Pt	2101368	2102852	221.2	232
EOG092R0NX5	Complete	chr8_A_Pt	3090621	3091548	316.9	164
EOG092R0NY4	Complete	chr11_A_Pt	5974468	5975460	264.8	138
EOG092R0NYP	Complete	chr7_A_Pt	4520408	4521615	149.0	168
EOG092R0NZ8	Complete	chr10_A_Pt	4974772	4975508	209.6	141
EOG092R0O02	Complete	chr11_A_Pt	37880	38920	244.2	159
EOG092R0O2S	Missing
EOG092R0O4D	Complete	chr13_A_Pt	743760	745070	231.4	175
EOG092R0O53	Complete	chr1_A_Pt	6671586	6672586	223.9	156
EOG092R0O57	Complete	chr2_A_Pt	7047822	7048895	155.3	114
EOG092R0O5N	Fragmented	chr3_A_Pt	1085157	1085875	237.0	117
EOG092R0O72	Complete	chr9_A_Pt	5301242	5302059	183.2	132
EOG092R0O8O	Missing
EOG092R0O9O	Complete	chr2_A_Pt	2247735	2248692	268.2	151
EOG092R0OBL	Complete	chr5_A_Pt	883356	884425	84.7	71
EOG092R0OBY	Complete	chr11_A_Pt	4479644	4480563	83.0	80
EOG092R0OCP	Complete	chr7_A_Pt	528844	529727	211.3	144
EOG092R0OCV	Complete	chr9_A_Pt	3277697	3278373	86.3	89
EOG092R0OD6	Complete	chr2_A_Pt	1125186	1126121	179.1	161
EOG092R0ODM	Complete	chr1_A_Pt	782838	783946	247.4	193
EOG092R0OEO	Complete	chr15_A_Pt	909336	910546	266.4	179
EOG092R0OF7	Complete	chr5_A_Pt	1262357	1270576	177.3	227
EOG092R0OFL	Complete	chr5_A_Pt	4196174	4199301	270.5	212
EOG092R0OGR	Complete	chr16_A_Pt	1148051	1149253	241.0	177
EOG092R0OHG	Complete	chr4_A_Pt	3262438	3263621	217.7	117
EOG092R0OK7	Complete	chr12_A_Pt	123719	125342	280.8	287
EOG092R0OKA	Complete	chr7_A_Pt	2425945	2426735	319.4	152
EOG092R0OL6	Complete	chr16_A_Pt	328629	330410	283.6	263
EOG092R0OLS	Complete	chr5_A_Pt	1624348	1626698	227.7	123
EOG092R0OMN	Complete	chr11_A_Pt	2045643	2046307	83.0	78
EOG092R0ON1	Complete	chr8_A_Pt	5812855	5818801	194.0	124
EOG092R0ON6	Complete	chr3_A_Pt	7518637	7520572	213.4	322
EOG092R0OPE	Complete	chr8_A_Pt	5019724	5020675	274.8	161
EOG092R0OPW	Duplicated	chr15_A_Pt	1180624	1181538	241.9	163
EOG092R0OPW	Duplicated	chr18_A_Pt	287978	288959	221.2	170
EOG092R0ORA	Complete	chr8_A_Pt	4565813	4566763	170.7	97
EOG092R0OS3	Complete	chr13_A_Pt	5247204	5248067	216.9	116
EOG092R0OSC	Fragmented	chr2_A_Pt	1581974	1591180	93.0	97
EOG092R0OSR	Complete	chr4_A_Pt	7156008	7156763	177.4	150
EOG092R0OTM	Complete	chr14_A_Pt	2564790	2565788	181.6	115
EOG092R0OU7	Complete	chr5_A_Pt	2929247	2930211	237.0	153
EOG092R0OV8	Fragmented	chr4_A_Pt	6747994	6753764	152.2	171
EOG092R0OWP	Complete	chr1_A_Pt	4171151	4172192	306.3	290
EOG092R0OX3	Complete	chr3_A_Pt	7949835	7950745	294.5	140
EOG092R0OXH	Complete	chr2_A_Pt	5904788	5907189	212.3	140
EOG092R0OY2	Complete	chr2_A_Pt	3806054	3810629	131.4	84
EOG092R0OYG	Complete	chr10_A_Pt	4069870	4070564	265.1	117
EOG092R0OYT	Complete	chr6_A_Pt	1619663	1620442	186.6	128
EOG092R0OZ3	Complete	chr11_A_Pt	2359857	2360697	254.0	127
EOG092R0OZA	Complete	chr7_A_Pt	4518610	4519654	147.1	125
EOG092R0P02	Complete	chr1_A_Pt	7813418	7814140	224.3	156
EOG092R0P0G	Complete	chr11_A_Pt	3833176	3833939	209.3	122
EOG092R0P1X	Complete	chr14_A_Pt	5122272	5123354	227.9	172
EOG092R0P2W	Complete	chr7_A_Pt	988853	990042	159.1	186
EOG092R0P3V	Complete	chr7_A_Pt	1590702	1593085	266.4	153
EOG092R0P4A	Complete	chr11_A_Pt	2358585	2359439	325.8	182
EOG092R0P94	Complete	chr9_A_Pt	344501	345136	279.4	150
EOG092R0P9N	Complete	chr5_A_Pt	2920730	2921347	116.1	69
EOG092R0PCW	Complete	chr8_A_Pt	4962278	4963029	278.5	144
EOG092R0PDZ	Complete	chr2_A_Pt	7213568	7214257	220.4	128
EOG092R0PFK	Complete	chr17_A_Pt	4243112	4247176	173.8	228
EOG092R0PG4	Complete	chr9_A_Pt	4731035	4732855	292.1	146
EOG092R0PHD	Complete	chr1_A_Pt	9064696	9065813	184.6	170
EOG092R0PI7	Complete	chr5_A_Pt	3691561	3694106	167.5	150
EOG092R0PJV	Missing
EOG092R0PLB	Complete	chr10_A_Pt	6600206	6600841	151.0	80
EOG092R0PM2	Duplicated	chr18_A_Pt	2494949	2495786	249.2	142
EOG092R0PM2	Duplicated	chr5_A_Pt	5443855	5444525	249.9	142
EOG092R0POC	Complete	chr4_A_Pt	1803096	1803832	219.4	125
EOG092R0POK	Missing
EOG092R0PP6	Complete	chr1_A_Pt	4036476	4037859	144.6	181
EOG092R0PRT	Complete	chr4_A_Pt	1875820	1877421	227.1	125
EOG092R0PS1	Complete	chr5_A_Pt	7052568	7054006	180.8	206
EOG092R0PSF	Complete	chr11_A_Pt	3785245	3786283	212.2	153
EOG092R0PTM	Complete	chr4_A_Pt	6790875	6791616	149.6	106
EOG092R0PUB	Complete	chr12_A_Pt	6618142	6618885	215.8	148
EOG092R0PV2	Complete	chr10_A_Pt	6233142	6236374	400.6	448
EOG092R0PW1	Complete	chr2_A_Pt	5605699	5606525	97.8	87
EOG092R0PX3	Complete	chr15_A_Pt	1765671	1766409	163.0	73
EOG092R0PY9	Complete	chr3_A_Pt	7559098	7559860	255.6	123
EOG092R0PZ7	Complete	chr2_A_Pt	4503181	4504116	121.6	111
EOG092R0Q0D	Complete	chr15_A_Pt	4336909	4338022	301.7	203
EOG092R0Q27	Complete	chr12_A_Pt	351601	353219	215.0	225
EOG092R0Q2F	Complete	chr14_A_Pt	5177089	5177966	280.9	140
EOG092R0Q2I	Duplicated	chr5_A_Pt	1006875	1007430	133.7	81
EOG092R0Q2I	Duplicated	chr5_A_Pt	1008912	1009457	133.7	81
EOG092R0Q2I	Duplicated	chr7_A_Pt	513094	513835	152.7	81
EOG092R0Q2I	Duplicated	chr9_A_Pt	4888738	4889416	133.7	81
EOG092R0Q3E	Complete	chr11_A_Pt	6027326	6028429	230.9	180
EOG092R0Q42	Fragmented	chr9_A_Pt	6357338	6367462	333.7	282
EOG092R0Q48	Complete	chr1_A_Pt	477798	478383	228.2	121
EOG092R0Q53	Complete	chr6_A_Pt	8357686	8358557	256.8	158
EOG092R0Q6A	Complete	chr7_A_Pt	6614394	6615413	159.4	116
EOG092R0QBJ	Complete	chr12_A_Pt	1633105	1634125	197.7	127
EOG092R0QDF	Complete	chr8_A_Pt	6443330	6443943	246.1	121
EOG092R0QDM	Complete	chr4_A_Pt	6748982	6753214	133.2	83
EOG092R0QEF	Complete	chr13_A_Pt	2175581	2176941	250.8	172
EOG092R0QEI	Complete	chr1_A_Pt	5433716	5434409	162.5	112
EOG092R0QEP	Complete	chr8_A_Pt	6725098	6726220	124.6	97
EOG092R0QFH	Complete	chr8_A_Pt	6444373	6445156	217.0	115
EOG092R0QFT	Complete	chr4_A_Pt	1457459	1458112	169.4	116
EOG092R0QHV	Complete	chr2_A_Pt	3764931	3765581	177.9	112
EOG092R0QK3	Complete	chr11_A_Pt	3831684	3832409	144.9	103
EOG092R0QL1	Complete	chr13_A_Pt	5522495	5523310	172.5	131
EOG092R0QLK	Complete	chr9_A_Pt	4077300	4077821	136.7	98
EOG092R0QMM	Complete	chr6_A_Pt	7701951	7702552	122.2	101
EOG092R0QTB	Complete	chr1_A_Pt	1284662	1285732	252.1	152
EOG092R0QTE	Complete	chr16_A_Pt	2527153	2527914	178.2	110
EOG092R0QU9	Complete	chr4_A_Pt	2957668	2959155	215.0	252
EOG092R0QZ2	Complete	chr1_A_Pt	8539001	8539573	182.3	97
EOG092R0QZP	Complete	chr11_A_Pt	1082401	1083712	154.2	77
EOG092R0QZV	Complete	chr6_A_Pt	3305860	3306514	192.9	110
EOG092R0R5K	Duplicated	chr13_A_Pt	4833845	4834311	234.0	120
EOG092R0R5K	Duplicated	chr8_A_Pt	5924482	5924948	234.0	120
EOG092R0R64	Complete	chr1_A_Pt	7262565	7263452	164.5	93
EOG092R0R6X	Complete	chr4_A_Pt	2708836	2710327	161.3	215
EOG092R0R7X	Complete	chr10_A_Pt	376430	377515	177.2	109
EOG092R0R8A	Complete	chr18_A_Pt	1366051	1367828	327.7	292
EOG092R0R9X	Complete	chr5_A_Pt	3712335	3712969	101.2	96
EOG092R0RAU	Complete	chr2_A_Pt	1624058	1624772	101.8	92
EOG092R0RCZ	Complete	chr12_A_Pt	5890473	5891345	259.9	130
EOG092R0RE8	Complete	chr2_A_Pt	7063051	7064173	195.4	156
EOG092R0RF0	Complete	chr9_A_Pt	5650025	5651525	137.7	211
EOG092R0RFG	Complete	chr9_A_Pt	6165937	6166520	182.5	104
EOG092R0RHJ	Complete	chr5_A_Pt	4466179	4466871	173.7	101
EOG092R0RJ1	Fragmented	chr12_A_Pt	492531	500280	72.0	63
EOG092R0RKF	Complete	chr4_A_Pt	7625574	7626193	129.7	101
EOG092R0RQ8	Complete	chr12_A_Pt	1640365	1641592	160.4	137
EOG092R0RRQ	Complete	chr2_A_Pt	856330	857419	163.5	96
EOG092R0RRV	Complete	chr3_A_Pt	1552535	1553277	116.7	84
EOG092R0RU6	Complete	chr7_A_Pt	522100	525757	181.8	99
EOG092R0RUI	Complete	chr14_A_Pt	1940231	1940857	180.0	102
EOG092R0RWL	Complete	chr14_A_Pt	2009679	2010259	280.8	133
EOG092R0RYU	Complete	chr14_A_Pt	2996097	2997044	169.0	144
EOG092R0S3G	Complete	chr1_A_Pt	2470399	2471581	237.7	126
EOG092R0S60	Complete	chr12_A_Pt	2523405	2524181	136.8	77
EOG092R0S9A	Missing
EOG092R0SCK	Complete	chr17_A_Pt	1567885	1568675	148.2	136
EOG092R0SDT	Complete	chr14_A_Pt	5176126	5176706	152.6	82
EOG092R0SE7	Complete	chr2_A_Pt	6418645	6419413	126.9	69
EOG092R0SH7	Complete	chr3_A_Pt	3633723	3634415	201.2	107
EOG092R0SHK	Complete	chr8_A_Pt	6054319	6055005	133.4	74
EOG092R0SLY	Missing
EOG092R0SNN	Duplicated	chr14_A_Pt	254750	256202	119.0	97
EOG092R0SNN	Duplicated	chr5_A_Pt	2463725	2464517	136.7	97
EOG092R0SNN	Duplicated	chr6_A_Pt	5467245	5468037	139.7	97
EOG092R0STQ	Complete	chr1_A_Pt	9058287	9059062	79.0	64
EOG092R0SVK	Complete	chr6_A_Pt	5838390	5838946	114.2	95
EOG092R0T9R	Complete	chr2_A_Pt	7445294	7445833	166.5	83
EOG092R0TG6	Complete	chr6_A_Pt	6039321	6039877	133.3	63
