EOG092R000C	Complete	Pca203_chr10_A	405781	427296	2956.5	2627
EOG092R000I	Complete	Pca203_chr4_A	631504	648916	2393.7	2143
EOG092R002M	Missing
EOG092R002N	Complete	Pca203_chr17_A	371520	379940	1736.3	1444
EOG092R002P	Complete	Pca203_chr14_A	567215	575299	3190.7	1808
EOG092R002R	Complete	Pca203_chr1_A	1216305	1225516	2441.4	1951
EOG092R0036	Complete	Pca203_chr1_A	3283523	3292683	1030.5	953
EOG092R0037	Complete	Pca203_chr2_A	1130113	1143166	3253.8	1860
EOG092R003W	Complete	Pca203_chr4_A	777837	788230	1192.3	1390
EOG092R003Y	Complete	Pca203_chr2_A	2633917	2641476	1540.6	1311
EOG092R004L	Complete	Pca203_chr7_A	5975909	5981431	2525.6	1502
EOG092R005X	Complete	Pca203_chr16_A	3617630	3621945	1459.6	892
EOG092R0065	Complete	Pca203_chr1_A	6824045	6830288	453.5	398
EOG092R006C	Missing
EOG092R007J	Complete	Pca203_chr18_A	3250623	3286822	874.2	726
EOG092R0089	Complete	Pca203_chr11_A	2382845	2388914	2929.7	1524
EOG092R008D	Complete	Pca203_chr3_A	168579	174889	858.1	797
EOG092R009A	Complete	Pca203_chr15_A	1539057	1546491	2184.6	1384
EOG092R009I	Complete	Pca203_chr8_A	3929383	3935243	1921.8	1314
EOG092R00AR	Complete	Pca203_chr17_A	2892657	2897097	996.3	919
EOG092R00BP	Complete	Pca203_chr14_A	3496143	3502722	1474.4	1170
EOG092R00D3	Fragmented	Pca203_chr8_A	4804832	4814202	1373.0	776
EOG092R00DU	Complete	Pca203_chr15_A	3661782	3669009	1456.2	1290
EOG092R00E1	Complete	Pca203_chr2_A	6610166	6620481	913.2	948
EOG092R00GS	Complete	Pca203_chr6_A	1871437	1875799	700.0	609
EOG092R00H5	Complete	Pca203_chr12_A	3074923	3087602	933.9	959
EOG092R00H7	Complete	Pca203_chr3_A	4491201	4495959	1162.8	778
EOG092R00HC	Complete	Pca203_chr13_A	5379238	5383808	1461.4	985
EOG092R00HK	Complete	Pca203_chr10_A	327159	331712	915.3	937
EOG092R00HN	Complete	Pca203_chr9_A	5530859	5541115	871.5	849
EOG092R00IN	Fragmented	Pca203_chr9_A	3076410	3086186	774.4	503
EOG092R00IT	Complete	Pca203_chr14_A	2228437	2244185	686.6	757
EOG092R00JG	Complete	Pca203_chr10_A	2712068	2715695	550.9	453
EOG092R00K3	Complete	Pca203_chr11_A	5469558	5487896	563.8	913
EOG092R00K7	Missing
EOG092R00KS	Fragmented	Pca203_chr15_A	849782	858487	1450.5	964
EOG092R00LO	Duplicated	Pca203_chr2_A	4971830	4981988	764.0	1289
EOG092R00LO	Duplicated	Pca203_chr2_A	5011343	5018863	898.5	1465
EOG092R00LR	Complete	Pca203_chr17_A	3486590	3491386	1724.8	1080
EOG092R00LZ	Complete	Pca203_chr7_A	6032947	6037529	1574.2	988
EOG092R00MF	Complete	Pca203_chr9_A	5345740	5362287	868.1	1470
EOG092R00MU	Complete	Pca203_chr4_A	1220131	1224862	1270.2	908
EOG092R00N4	Complete	Pca203_chr1_A	1398740	1403197	1224.5	986
EOG092R00NJ	Complete	Pca203_chr4_A	3031272	3036020	1984.9	1022
EOG092R00NQ	Complete	Pca203_chr9_A	5406425	5411776	1061.2	878
EOG092R00O2	Complete	Pca203_chr1_A	451992	455223	494.0	483
EOG092R00OU	Complete	Pca203_chr16_A	2775971	2784698	514.5	525
EOG092R00QB	Complete	Pca203_chr2_A	4152530	4157174	2115.7	1074
EOG092R00QP	Complete	Pca203_chr7_A	128610	133284	1505.7	946
EOG092R00QR	Complete	Pca203_chr5_A	2906202	2910910	1325.6	839
EOG092R00QT	Complete	Pca203_chr7_A	4902568	4907648	1320.4	885
EOG092R00RF	Fragmented	Pca203_chr18_A	153261	161365	678.8	524
EOG092R00RR	Fragmented	Pca203_chr1_A	7139484	7149577	358.1	329
EOG092R00TL	Complete	Pca203_chr9_A	3999547	4005128	1477.1	1058
EOG092R00TN	Complete	Pca203_chr11_A	2428705	2434809	1080.9	1213
EOG092R00TW	Fragmented	Pca203_chr16_A	2498772	2514805	410.6	433
EOG092R00U5	Complete	Pca203_chr12_A	1001924	1006214	1789.4	958
EOG092R00UA	Complete	Pca203_chr12_A	1912322	1922242	613.9	758
EOG092R00UP	Duplicated	Pca203_chr9_A	770470	774930	1916.3	1012
EOG092R00UP	Duplicated	Pca203_chr9_A	809418	813878	1916.2	1012
EOG092R00V6	Complete	Pca203_chr12_A	294951	299628	1028.7	777
EOG092R00VH	Complete	Pca203_chr12_A	4531483	4542506	1193.6	1026
EOG092R00VP	Complete	Pca203_chr11_A	880948	885794	401.1	748
EOG092R00VV	Complete	Pca203_chr1_A	5277268	5283115	348.7	826
EOG092R00WG	Complete	Pca203_chr18_A	2033518	2040203	658.8	715
EOG092R00XS	Complete	Pca203_chr7_A	3254074	3265677	893.4	955
EOG092R00XY	Complete	Pca203_chr7_A	3035031	3039400	688.3	716
EOG092R00YY	Complete	Pca203_chr12_A	1942156	1946099	1546.0	805
EOG092R00ZY	Complete	Pca203_chr14_A	378525	383165	641.5	1014
EOG092R0100	Complete	Pca203_chr8_A	1120248	1123675	801.1	532
EOG092R0104	Complete	Pca203_chr12_A	2210760	2223381	759.1	861
EOG092R0112	Complete	Pca203_chr15_A	3389610	3394256	1517.5	826
EOG092R0115	Complete	Pca203_chr3_A	1394240	1399319	987.2	724
EOG092R011X	Complete	Pca203_chr16_A	2338449	2341137	517.1	376
EOG092R011Y	Complete	Pca203_chr7_A	4599899	4606917	1396.4	1232
EOG092R0120	Complete	Pca203_chr15_A	129472	139636	1299.7	1799
EOG092R013F	Complete	Pca203_chr9_A	3908076	3916922	286.6	449
EOG092R013M	Complete	Pca203_chr3_A	515815	525695	1776.0	1003
EOG092R0145	Complete	Pca203_chr10_A	2388050	2394583	559.6	444
EOG092R0149	Complete	Pca203_chr12_A	820893	824442	321.1	569
EOG092R014B	Complete	Pca203_chr2_A	3460367	3464049	433.7	586
EOG092R014H	Complete	Pca203_chr3_A	6424679	6429547	1697.9	942
EOG092R014P	Complete	Pca203_chr10_A	5337989	5351577	811.8	869
EOG092R015U	Complete	Pca203_chr11_A	763679	767575	726.6	710
EOG092R016F	Complete	Pca203_chr4_A	912812	928343	1086.1	1100
EOG092R0171	Complete	Pca203_chr9_A	3109544	3114297	1587.1	883
EOG092R0185	Fragmented	Pca203_chr1_A	4593978	4613067	489.5	300
EOG092R018U	Missing
EOG092R0193	Complete	Pca203_chr15_A	403167	406724	666.0	557
EOG092R01AJ	Complete	Pca203_chr5_A	3729890	3733774	1297.5	799
EOG092R01AN	Complete	Pca203_chr1_A	7619353	7625649	1390.1	1024
EOG092R01B4	Complete	Pca203_chr3_A	5761714	5765562	1631.1	878
EOG092R01B7	Complete	Pca203_chr13_A	238076	241940	1459.9	830
EOG092R01BL	Complete	Pca203_chr3_A	1239001	1241384	643.8	360
EOG092R01BN	Duplicated	Pca203_chr9_A	750589	754432	824.5	675
EOG092R01BN	Duplicated	Pca203_chr9_A	786540	793383	824.3	673
EOG092R01BO	Complete	Pca203_chr1_A	4244893	4249307	846.1	694
EOG092R01C1	Complete	Pca203_chr1_A	5098382	5106244	920.5	872
EOG092R01C6	Complete	Pca203_chr6_A	3722330	3730782	583.5	552
EOG092R01DK	Complete	Pca203_chr3_A	6851043	6859875	449.5	471
EOG092R01DL	Complete	Pca203_chr2_A	5935219	5945107	474.0	744
EOG092R01DU	Complete	Pca203_chr2_A	6233295	6236121	870.5	619
EOG092R01DY	Complete	Pca203_chr18_A	614446	618744	780.3	621
EOG092R01E1	Complete	Pca203_chr8_A	6162836	6166728	692.3	617
EOG092R01E2	Complete	Pca203_chr3_A	5383253	5387745	419.7	471
EOG092R01EF	Complete	Pca203_chr4_A	1575653	1584654	750.7	630
EOG092R01EV	Complete	Pca203_chr11_A	1599907	1605150	1622.2	884
EOG092R01F3	Complete	Pca203_chr12_A	2525412	2535181	1296.3	790
EOG092R01F5	Complete	Pca203_chr17_A	2932802	2936870	715.4	456
EOG092R01GK	Complete	Pca203_chr2_A	4515288	4526644	1358.2	844
EOG092R01GN	Complete	Pca203_chr1_A	2718665	2723484	1473.3	835
EOG092R01GW	Complete	Pca203_chr3_A	1254204	1258955	725.1	689
EOG092R01HD	Complete	Pca203_chr2_A	4664824	4668987	1323.7	740
EOG092R01J4	Complete	Pca203_chr7_A	14000	17662	1538.4	901
EOG092R01J5	Complete	Pca203_chr3_A	6674270	6682974	257.7	605
EOG092R01JP	Complete	Pca203_chr7_A	5392620	5396350	1541.1	862
EOG092R01JW	Complete	Pca203_chr6_A	4239358	4244191	606.9	656
EOG092R01JZ	Complete	Pca203_chr4_A	608368	613351	1572.9	908
EOG092R01KC	Complete	Pca203_chr16_A	588820	592941	1334.1	822
EOG092R01KK	Complete	Pca203_chr1_A	2478786	2488374	1304.2	812
EOG092R01KM	Complete	Pca203_chr6_A	1351982	1354637	448.8	289
EOG092R01KV	Complete	Pca203_chr11_A	846742	850218	666.8	540
EOG092R01KY	Fragmented	Pca203_chr10_A	5410757	5419391	709.3	628
EOG092R01L3	Complete	Pca203_chr6_A	1702618	1708718	839.0	830
EOG092R01M0	Complete	Pca203_chr13_A	5390727	5394584	891.9	656
EOG092R01MB	Complete	Pca203_chr4_A	3956562	3959568	172.0	270
EOG092R01MR	Complete	Pca203_chr2_A	4736840	4740983	582.7	478
EOG092R01NO	Complete	Pca203_chr2_A	6668205	6672758	890.2	752
EOG092R01O5	Complete	Pca203_chr14_A	2662041	2672329	621.4	583
EOG092R01PA	Complete	Pca203_chr8_A	386212	390117	408.5	291
EOG092R01Q7	Complete	Pca203_chr10_A	5362167	5365844	959.3	726
EOG092R01Q9	Complete	Pca203_chr17_A	3142755	3150273	261.9	674
EOG092R01QZ	Complete	Pca203_chr5_A	750694	754547	1183.2	794
EOG092R01S5	Complete	Pca203_chr16_A	998079	1005419	518.6	752
EOG092R01S6	Complete	Pca203_chr6_A	286681	290832	466.6	534
EOG092R01SG	Duplicated	Pca203_chr1_A	2173976	2179648	586.1	745
EOG092R01SG	Duplicated	Pca203_chr1_A	2193802	2199473	587.4	746
EOG092R01SR	Complete	Pca203_chr9_A	5688512	5694166	782.2	632
EOG092R01SS	Complete	Pca203_chr1_A	7634507	7638195	1215.7	789
EOG092R01TR	Complete	Pca203_chr14_A	1288788	1291849	921.4	609
EOG092R01TX	Complete	Pca203_chr5_A	2941180	2945367	819.9	677
EOG092R01UZ	Complete	Pca203_chr1_A	4957352	4961981	1651.2	923
EOG092R01WS	Complete	Pca203_chr5_A	3467423	3470788	1268.4	714
EOG092R01XX	Complete	Pca203_chr2_A	6533608	6537951	885.7	784
EOG092R01Y1	Complete	Pca203_chr3_A	2538488	2541774	756.0	686
EOG092R01YM	Complete	Pca203_chr8_A	2642688	2649067	961.2	914
EOG092R01Z4	Complete	Pca203_chr11_A	4112598	4116879	520.4	456
EOG092R01ZO	Fragmented	Pca203_chr3_A	6435437	6448669	587.5	673
EOG092R0207	Complete	Pca203_chr17_A	2273592	2277456	528.6	601
EOG092R0208	Complete	Pca203_chr2_A	6471489	6474853	1449.1	723
EOG092R0219	Complete	Pca203_chr13_A	257381	261103	1285.1	789
EOG092R022A	Complete	Pca203_chr4_A	1631456	1633269	337.6	299
EOG092R022P	Complete	Pca203_chr9_A	4375951	4379679	1232.0	710
EOG092R0235	Complete	Pca203_chr8_A	1203437	1211626	844.8	666
EOG092R023T	Complete	Pca203_chr1_A	1020313	1026199	356.3	594
EOG092R023Y	Complete	Pca203_chr8_A	4010606	4014171	1383.8	805
EOG092R027E	Complete	Pca203_chr6_A	1327547	1334444	657.9	710
EOG092R027I	Complete	Pca203_chr9_A	1312516	1315712	1214.4	782
EOG092R027K	Complete	Pca203_chr13_A	969578	973498	715.1	676
EOG092R027T	Complete	Pca203_chr2_A	649184	652258	991.2	554
EOG092R0285	Complete	Pca203_chr2_A	3832924	3836312	1225.5	657
EOG092R028H	Complete	Pca203_chr3_A	5342666	5344948	922.5	479
EOG092R02AA	Complete	Pca203_chr2_A	5876597	5881373	977.4	689
EOG092R02B6	Complete	Pca203_chr11_A	5619286	5623590	685.9	654
EOG092R02BA	Complete	Pca203_chr8_A	1507283	1510167	598.1	559
EOG092R02BC	Complete	Pca203_chr10_A	537584	542031	1320.8	833
EOG092R02BV	Complete	Pca203_chr3_A	5193460	5197990	642.5	449
EOG092R02BW	Fragmented	Pca203_chr2_A	228609	236840	514.9	661
EOG092R02D8	Complete	Pca203_chr6_A	2843545	2849248	280.4	443
EOG092R02F2	Complete	Pca203_chr1_A	5232128	5235695	955.6	776
EOG092R02F4	Complete	Pca203_chr17_A	1239041	1242913	1219.8	774
EOG092R02F8	Complete	Pca203_chr6_A	3394851	3399733	639.7	735
EOG092R02G9	Complete	Pca203_chr6_A	1344822	1357373	571.3	488
EOG092R02GN	Complete	Pca203_chr18_A	296316	309140	509.6	517
EOG092R02HL	Complete	Pca203_chr1_A	5462728	5467646	907.9	732
EOG092R02IG	Complete	Pca203_chr4_A	5487678	5490458	890.2	596
EOG092R02J2	Complete	Pca203_chr2_A	2611751	2615747	665.4	483
EOG092R02K0	Duplicated	Pca203_chr11_A	4515963	4519543	955.6	619
EOG092R02K0	Duplicated	Pca203_chr11_A	4558116	4561587	877.9	619
EOG092R02K3	Complete	Pca203_chr2_A	3897921	3920596	427.7	399
EOG092R02KI	Complete	Pca203_chr5_A	3145053	3153979	377.9	757
EOG092R02KV	Complete	Pca203_chr13_A	2781259	2783575	692.2	460
EOG092R02L0	Fragmented	Pca203_chr3_A	1221946	1233641	984.4	580
EOG092R02L7	Complete	Pca203_chr11_A	1808119	1813311	891.9	928
EOG092R02LD	Complete	Pca203_chr8_A	5386228	5392272	326.7	304
EOG092R02LE	Complete	Pca203_chr3_A	4547701	4550553	655.9	559
EOG092R02LS	Complete	Pca203_chr3_A	2676926	2679662	961.0	616
EOG092R02M9	Complete	Pca203_chr5_A	718517	721791	984.2	623
EOG092R02MS	Complete	Pca203_chr11_A	4942750	4948321	865.1	542
EOG092R02MZ	Complete	Pca203_chr17_A	231018	238732	297.6	389
EOG092R02N6	Complete	Pca203_chr1_A	7204128	7206967	999.1	551
EOG092R02N8	Complete	Pca203_chr3_A	5950318	5953798	646.6	454
EOG092R02NJ	Complete	Pca203_chr2_A	1687934	1699922	936.7	580
EOG092R02NK	Fragmented	Pca203_chr18_A	3287182	3294279	305.0	455
EOG092R02O1	Complete	Pca203_chr16_A	4225818	4229304	1125.9	708
EOG092R02O2	Complete	Pca203_chr3_A	3339840	3343402	896.9	747
EOG092R02OQ	Complete	Pca203_chr3_A	5256238	5260170	512.3	609
EOG092R02P2	Complete	Pca203_chr3_A	5722600	5725774	1329.0	669
EOG092R02P9	Complete	Pca203_chr2_A	671113	679499	921.8	560
EOG092R02PN	Complete	Pca203_chr4_A	1648323	1651955	1349.2	786
EOG092R02PP	Complete	Pca203_chr18_A	3241535	3245140	400.7	363
EOG092R02PW	Complete	Pca203_chr11_A	4057589	4061009	795.6	579
EOG092R02Q5	Complete	Pca203_chr5_A	5386868	5390557	1172.5	656
EOG092R02RH	Complete	Pca203_chr3_A	1685995	1689925	1092.7	734
EOG092R02RK	Complete	Pca203_chr5_A	6688725	6692598	1105.3	611
EOG092R02RP	Complete	Pca203_chr4_A	1507175	1511134	720.5	581
EOG092R02SB	Complete	Pca203_chr2_A	5138939	5142131	1411.1	676
EOG092R02TD	Complete	Pca203_chr10_A	2662533	2666352	963.9	604
EOG092R02TP	Complete	Pca203_chr6_A	3336966	3341148	862.1	609
EOG092R02UM	Complete	Pca203_chr8_A	5203951	5207042	685.9	526
EOG092R02VE	Complete	Pca203_chr18_A	1104276	1109272	1560.7	1014
EOG092R02WD	Complete	Pca203_chr12_A	2494092	2501693	709.9	586
EOG092R02WG	Complete	Pca203_chr13_A	4193573	4196814	584.4	583
EOG092R02WV	Complete	Pca203_chr1_A	671680	674696	1086.9	619
EOG092R02XO	Complete	Pca203_chr8_A	2185984	2190256	306.4	294
EOG092R02XP	Complete	Pca203_chr11_A	5227373	5234952	294.7	393
EOG092R02XQ	Complete	Pca203_chr13_A	4719369	4724236	1370.4	915
EOG092R02XU	Complete	Pca203_chr16_A	4700393	4708527	806.7	539
EOG092R02Y3	Complete	Pca203_chr13_A	874004	877733	618.8	527
EOG092R02YD	Complete	Pca203_chr5_A	3102977	3106135	493.4	485
EOG092R030R	Complete	Pca203_chr4_A	3246052	3249570	833.7	568
EOG092R032U	Complete	Pca203_chr10_A	1005887	1008785	1216.3	709
EOG092R033G	Complete	Pca203_chr12_A	4248808	4252798	769.6	473
EOG092R033S	Complete	Pca203_chr11_A	562952	567027	666.1	549
EOG092R0362	Complete	Pca203_chr7_A	4464267	4467123	1082.8	618
EOG092R037C	Complete	Pca203_chr5_A	1799952	1808609	641.6	583
EOG092R037Z	Complete	Pca203_chr5_A	3518078	3521513	663.5	487
EOG092R0383	Complete	Pca203_chr1_A	928098	939095	336.2	473
EOG092R038J	Complete	Pca203_chr9_A	3827248	3834006	547.1	425
EOG092R038Z	Complete	Pca203_chr5_A	3041608	3044308	1052.3	652
EOG092R0390	Complete	Pca203_chr11_A	2469739	2473608	606.3	458
EOG092R0393	Complete	Pca203_chr8_A	1840921	1849872	488.8	386
EOG092R039K	Complete	Pca203_chr2_A	6394920	6398107	873.8	672
EOG092R039Q	Complete	Pca203_chr18_A	2521780	2525290	739.3	375
EOG092R039V	Complete	Pca203_chr17_A	329782	332638	812.1	641
EOG092R03AF	Complete	Pca203_chr18_A	792172	796759	1183.1	717
EOG092R03AG	Complete	Pca203_chr13_A	1459962	1463393	653.8	621
EOG092R03AL	Complete	Pca203_chr3_A	4306620	4309929	1108.0	601
EOG092R03AM	Complete	Pca203_chr11_A	2694251	2698771	886.2	581
EOG092R03BY	Complete	Pca203_chr9_A	5291505	5295849	719.5	569
EOG092R03CC	Complete	Pca203_chr1_A	1308904	1313049	710.6	682
EOG092R03CM	Complete	Pca203_chr5_A	6630919	6633322	291.6	266
EOG092R03CW	Complete	Pca203_chr3_A	262651	265737	900.1	601
EOG092R03CY	Complete	Pca203_chr16_A	53653	55046	325.5	186
EOG092R03DJ	Complete	Pca203_chr7_A	4873940	4877620	1241.9	726
EOG092R03DL	Complete	Pca203_chr16_A	423220	426065	446.5	267
EOG092R03DO	Complete	Pca203_chr13_A	141990	145088	604.4	338
EOG092R03DS	Complete	Pca203_chr9_A	5591449	5594942	637.6	680
EOG092R03EK	Missing
EOG092R03F0	Complete	Pca203_chr12_A	246628	250337	874.5	644
EOG092R03FK	Complete	Pca203_chr10_A	1343528	1346969	842.8	521
EOG092R03GK	Complete	Pca203_chr6_A	4731176	4735117	786.9	607
EOG092R03GX	Complete	Pca203_chr10_A	430641	433417	439.2	317
EOG092R03HT	Complete	Pca203_chr1_A	5028151	5031865	1142.3	625
EOG092R03IM	Missing
EOG092R03JE	Complete	Pca203_chr4_A	3252709	3255259	450.8	422
EOG092R03JI	Complete	Pca203_chr4_A	3301214	3305910	303.0	452
EOG092R03JU	Complete	Pca203_chr10_A	1060800	1063538	522.0	537
EOG092R03K4	Complete	Pca203_chr9_A	5806664	5811162	813.8	699
EOG092R03LA	Complete	Pca203_chr16_A	4320023	4327796	522.4	441
EOG092R03LT	Complete	Pca203_chr5_A	843469	846137	1253.2	653
EOG092R03M8	Complete	Pca203_chr14_A	723727	726391	459.9	385
EOG092R03MM	Missing
EOG092R03MU	Complete	Pca203_chr4_A	3485750	3487560	469.5	298
EOG092R03N3	Complete	Pca203_chr4_A	5444462	5447439	349.1	417
EOG092R03NF	Complete	Pca203_chr5_A	6781879	6785441	886.4	731
EOG092R03NH	Duplicated	Pca203_chr9_A	4493021	4502434	913.3	557
EOG092R03NH	Duplicated	Pca203_chr9_A	4523184	4526106	1059.1	559
EOG092R03O3	Complete	Pca203_chr2_A	3373745	3376346	387.3	254
EOG092R03OF	Complete	Pca203_chr3_A	3523494	3526354	1219.7	627
EOG092R03P3	Complete	Pca203_chr14_A	2243589	2245958	614.7	402
EOG092R03PP	Complete	Pca203_chr17_A	941585	950075	614.5	466
EOG092R03QD	Complete	Pca203_chr4_A	810554	816530	966.3	609
EOG092R03R2	Complete	Pca203_chr5_A	4845041	4847943	440.8	331
EOG092R03S0	Complete	Pca203_chr12_A	1481335	1484440	878.8	583
EOG092R03S3	Complete	Pca203_chr6_A	2848109	2851050	937.0	548
EOG092R03S5	Complete	Pca203_chr10_A	4717867	4721548	391.4	274
EOG092R03S6	Complete	Pca203_chr3_A	5266125	5268642	373.0	300
EOG092R03ST	Complete	Pca203_chr3_A	525953	529040	766.8	658
EOG092R03U6	Missing
EOG092R03VI	Complete	Pca203_chr12_A	381753	384912	950.6	702
EOG092R03VP	Complete	Pca203_chr4_A	1002650	1005397	705.1	539
EOG092R03WR	Complete	Pca203_chr4_A	3431764	3436219	579.6	632
EOG092R03XA	Complete	Pca203_chr2_A	4495218	4498777	739.2	626
EOG092R03XN	Complete	Pca203_chr4_A	2155912	2161656	223.8	522
EOG092R03XU	Complete	Pca203_chr9_A	623691	627878	405.1	357
EOG092R03ZJ	Complete	Pca203_chr4_A	203643	206769	934.5	725
EOG092R040D	Complete	Pca203_chr6_A	518771	521596	223.5	378
EOG092R040T	Complete	Pca203_chr6_A	1358021	1365157	288.1	330
EOG092R0414	Complete	Pca203_chr5_A	272826	279420	537.5	543
EOG092R041D	Complete	Pca203_chr1_A	675504	678376	392.2	478
EOG092R041W	Missing
EOG092R041Z	Complete	Pca203_chr5_A	431948	434843	343.0	457
EOG092R042D	Duplicated	Pca203_chr8_A	5400276	5407128	810.8	503
EOG092R042D	Duplicated	Pca203_chr8_A	5407176	5411284	875.9	517
EOG092R042R	Complete	Pca203_chr10_A	4926619	4929123	756.9	518
EOG092R0435	Complete	Pca203_chr12_A	1392610	1399022	355.8	523
EOG092R043H	Complete	Pca203_chr2_A	3067735	3070534	741.7	456
EOG092R044E	Complete	Pca203_chr18_A	745981	749406	922.3	535
EOG092R044P	Complete	Pca203_chr4_A	6570561	6582302	453.8	817
EOG092R0453	Complete	Pca203_chr8_A	5906831	5909649	844.0	517
EOG092R045F	Complete	Pca203_chr4_A	409221	430967	886.3	830
EOG092R0463	Complete	Pca203_chr4_A	6584331	6588817	921.5	534
EOG092R046E	Complete	Pca203_chr7_A	5873209	5880863	453.3	348
EOG092R046U	Complete	Pca203_chr9_A	4297358	4299344	241.3	293
EOG092R0470	Complete	Pca203_chr7_A	2963404	2966664	445.3	424
EOG092R047C	Complete	Pca203_chr17_A	2080218	2084247	421.3	585
EOG092R047O	Complete	Pca203_chr8_A	1109843	1115639	319.3	328
EOG092R047R	Complete	Pca203_chr11_A	5793947	5798898	1357.4	1135
EOG092R047X	Complete	Pca203_chr16_A	2040466	2043676	459.9	493
EOG092R04AM	Complete	Pca203_chr3_A	1400329	1408236	518.8	413
EOG092R04B7	Complete	Pca203_chr3_A	5829227	5837070	441.3	422
EOG092R04C9	Complete	Pca203_chr10_A	4973198	4975637	1129.6	583
EOG092R04D6	Complete	Pca203_chr12_A	809156	812682	454.7	415
EOG092R04D7	Complete	Pca203_chr3_A	6021491	6023018	442.0	316
EOG092R04DC	Complete	Pca203_chr1_A	6915900	6917726	558.2	369
EOG092R04E5	Complete	Pca203_chr10_A	1543793	1548598	1053.1	597
EOG092R04EG	Complete	Pca203_chr8_A	3052880	3056549	901.9	660
EOG092R04EN	Complete	Pca203_chr8_A	1783940	1788328	665.6	449
EOG092R04F0	Complete	Pca203_chr9_A	1118978	1121680	989.8	571
EOG092R04F8	Complete	Pca203_chr10_A	5183340	5187116	870.8	550
EOG092R04FD	Complete	Pca203_chr3_A	4294470	4297341	1213.1	654
EOG092R04G8	Complete	Pca203_chr18_A	601522	604638	553.9	542
EOG092R04HK	Complete	Pca203_chr5_A	1736129	1739356	1208.3	802
EOG092R04IN	Complete	Pca203_chr14_A	342563	344706	496.7	420
EOG092R04JP	Complete	Pca203_chr18_A	261992	283313	569.3	384
EOG092R04KO	Complete	Pca203_chr8_A	5064023	5067672	1192.9	615
EOG092R04KV	Complete	Pca203_chr1_A	566251	568803	225.9	174
EOG092R04LA	Complete	Pca203_chr2_A	4500503	4510703	652.1	526
EOG092R04M7	Complete	Pca203_chr11_A	2942419	2945345	710.4	497
EOG092R04MI	Complete	Pca203_chr10_A	437114	440510	631.1	613
EOG092R04N3	Complete	Pca203_chr8_A	302071	304618	797.4	547
EOG092R04NK	Complete	Pca203_chr3_A	6297133	6301182	271.3	217
EOG092R04OV	Complete	Pca203_chr11_A	804412	806507	700.4	384
EOG092R04P0	Complete	Pca203_chr16_A	1296915	1301570	1746.5	1223
EOG092R04P4	Missing
EOG092R04PE	Complete	Pca203_chr4_A	531162	534287	767.9	557
EOG092R04PJ	Complete	Pca203_chr11_A	628032	630399	863.8	531
EOG092R04PO	Complete	Pca203_chr15_A	1231914	1235814	549.6	561
EOG092R04PS	Complete	Pca203_chr6_A	3224127	3226742	1219.8	653
EOG092R04QM	Complete	Pca203_chr8_A	955952	963438	315.9	294
EOG092R04RH	Complete	Pca203_chr8_A	1084991	1088166	430.1	340
EOG092R04RX	Complete	Pca203_chr1_A	3766135	3768771	618.3	464
EOG092R04SD	Complete	Pca203_chr8_A	4283925	4286834	364.3	411
EOG092R04SM	Complete	Pca203_chr13_A	662753	668209	231.0	187
EOG092R04SS	Complete	Pca203_chr18_A	3314024	3316719	1065.9	517
EOG092R04VB	Complete	Pca203_chr5_A	6256157	6258748	400.9	249
EOG092R04W3	Complete	Pca203_chr16_A	1293791	1296361	779.3	503
EOG092R04WN	Complete	Pca203_chr12_A	2820169	2823463	644.0	679
EOG092R04WO	Complete	Pca203_chr1_A	5273727	5279344	651.9	668
EOG092R04X2	Missing
EOG092R04X7	Complete	Pca203_chr14_A	2733595	2736213	1015.8	582
EOG092R04Y3	Complete	Pca203_chr7_A	1151262	1156227	780.0	391
EOG092R04Y7	Complete	Pca203_chr5_A	1207326	1208880	512.4	274
EOG092R050B	Complete	Pca203_chr7_A	456597	459610	418.9	315
EOG092R050F	Complete	Pca203_chr10_A	5212140	5215292	655.7	408
EOG092R0510	Complete	Pca203_chr8_A	3496447	3505893	547.3	516
EOG092R051T	Fragmented	Pca203_chr14_A	1407604	1415833	425.6	454
EOG092R051W	Complete	Pca203_chr2_A	4103144	4106346	569.6	400
EOG092R0524	Duplicated	Pca203_chr2_A	3660176	3662533	851.8	517
EOG092R0524	Duplicated	Pca203_chr2_A	3684978	3687335	851.8	517
EOG092R052F	Complete	Pca203_chr13_A	3696077	3699347	488.5	321
EOG092R052Q	Complete	Pca203_chr5_A	4020325	4022721	978.6	554
EOG092R053O	Complete	Pca203_chr5_A	612813	615903	435.0	430
EOG092R054E	Complete	Pca203_chr5_A	1340301	1342901	1070.1	558
EOG092R054L	Missing
EOG092R054Y	Complete	Pca203_chr16_A	2280836	2286361	530.6	517
EOG092R056Q	Complete	Pca203_chr9_A	4760550	4763933	419.7	316
EOG092R056X	Fragmented	Pca203_chr5_A	4696477	4703459	699.3	427
EOG092R0570	Complete	Pca203_chr7_A	1047507	1050693	748.1	398
EOG092R057B	Complete	Pca203_chr10_A	4146329	4149085	192.2	226
EOG092R057L	Complete	Pca203_chr13_A	4692631	4696089	319.1	341
EOG092R058I	Complete	Pca203_chr18_A	2949914	2962881	689.8	563
EOG092R0590	Complete	Pca203_chr9_A	1395367	1398053	863.2	442
EOG092R059D	Complete	Pca203_chr7_A	4064064	4068608	395.3	414
EOG092R059S	Complete	Pca203_chr4_A	2693462	2696584	685.0	539
EOG092R05AD	Complete	Pca203_chr4_A	2803778	2806124	377.0	323
EOG092R05BI	Complete	Pca203_chr7_A	2277468	2285358	842.9	445
EOG092R05BW	Complete	Pca203_chr6_A	5146852	5151584	520.0	407
EOG092R05DL	Complete	Pca203_chr5_A	4514255	4516578	1128.8	564
EOG092R05E8	Complete	Pca203_chr12_A	1550600	1553370	406.2	380
EOG092R05EA	Duplicated	Pca203_chr5_A	1385008	1390602	317.1	262
EOG092R05EA	Duplicated	Pca203_chr7_A	3182403	3185618	334.0	334
EOG092R05EM	Complete	Pca203_chr7_A	2133555	2137176	1078.1	682
EOG092R05EY	Complete	Pca203_chr1_A	7855509	7858388	588.0	345
EOG092R05FD	Missing
EOG092R05FZ	Complete	Pca203_chr11_A	3000108	3007257	313.1	301
EOG092R05HF	Complete	Pca203_chr18_A	2727666	2729991	990.2	464
EOG092R05J5	Complete	Pca203_chr5_A	3088018	3090094	785.6	476
EOG092R05ND	Complete	Pca203_chr7_A	3983283	4017652	138.8	334
EOG092R05PY	Complete	Pca203_chr2_A	1153684	1156221	574.0	479
EOG092R05R4	Complete	Pca203_chr10_A	2582659	2585053	808.7	485
EOG092R05SX	Complete	Pca203_chr2_A	5506166	5509686	423.5	437
EOG092R05SZ	Complete	Pca203_chr8_A	2274097	2277336	978.7	576
EOG092R05TB	Complete	Pca203_chr9_A	5742089	5744040	695.6	383
EOG092R05TX	Complete	Pca203_chr6_A	4245008	4247571	791.7	476
EOG092R05V7	Complete	Pca203_chr15_A	3867802	3871080	618.7	440
EOG092R05VL	Complete	Pca203_chr3_A	327704	330655	1163.0	622
EOG092R05VY	Complete	Pca203_chr4_A	526878	529450	828.8	500
EOG092R05WP	Complete	Pca203_chr18_A	1809577	1811786	548.6	355
EOG092R05YF	Complete	Pca203_chr9_A	3651326	3655284	655.6	498
EOG092R05ZC	Complete	Pca203_chr10_A	833480	835657	600.8	418
EOG092R061J	Complete	Pca203_chr11_A	645603	647822	552.4	448
EOG092R061N	Complete	Pca203_chr8_A	2379929	2382760	476.5	523
EOG092R0633	Complete	Pca203_chr2_A	6523926	6528040	426.4	450
EOG092R0637	Complete	Pca203_chr8_A	4273935	4276756	952.5	504
EOG092R063F	Complete	Pca203_chr5_A	6249155	6252322	308.2	634
EOG092R063X	Duplicated	Pca203_chr1_A	5510715	5513136	630.1	491
EOG092R063X	Duplicated	Pca203_chr5_A	3997422	3999820	667.3	491
EOG092R0645	Complete	Pca203_chr10_A	2924281	2927964	869.3	499
EOG092R066G	Complete	Pca203_chr5_A	1612729	1614763	683.0	421
EOG092R067Q	Complete	Pca203_chr5_A	3976702	3979871	429.3	551
EOG092R0685	Complete	Pca203_chr1_A	7234521	7237538	873.1	486
EOG092R068U	Complete	Pca203_chr4_A	6531569	6533625	708.7	453
EOG092R069Y	Missing
EOG092R06B7	Complete	Pca203_chr1_A	63308	64825	242.8	324
EOG092R06BC	Complete	Pca203_chr18_A	632460	634412	353.1	383
EOG092R06DT	Complete	Pca203_chr2_A	6029753	6041391	441.8	355
EOG092R06EH	Complete	Pca203_chr1_A	5515075	5516259	146.6	118
EOG092R06ER	Complete	Pca203_chr4_A	697413	699608	420.2	327
EOG092R06EZ	Complete	Pca203_chr1_A	40465	46737	413.1	361
EOG092R06FZ	Complete	Pca203_chr12_A	1566012	1567649	453.3	255
EOG092R06HA	Complete	Pca203_chr17_A	1781365	1784323	603.2	512
EOG092R06IK	Complete	Pca203_chr1_A	1062244	1064570	903.3	433
EOG092R06J6	Complete	Pca203_chr6_A	2020276	2022711	593.2	452
EOG092R06JB	Complete	Pca203_chr1_A	4028604	4030813	294.1	237
EOG092R06K7	Complete	Pca203_chr4_A	329966	332114	960.3	500
EOG092R06KY	Complete	Pca203_chr6_A	2062749	2065402	288.2	341
EOG092R06LD	Complete	Pca203_chr9_A	4469712	4471850	640.8	429
EOG092R06LI	Missing
EOG092R06NL	Complete	Pca203_chr3_A	6416907	6419187	694.0	431
EOG092R06P4	Complete	Pca203_chr16_A	3718480	3721308	305.4	350
EOG092R06RU	Complete	Pca203_chr16_A	2377546	2380767	708.3	544
EOG092R06S0	Fragmented	Pca203_chr10_A	2973145	2984359	306.5	239
EOG092R06SP	Complete	Pca203_chr5_A	1539049	1541288	489.6	349
EOG092R06TP	Complete	Pca203_chr16_A	1989703	1992151	970.8	495
EOG092R06U0	Complete	Pca203_chr18_A	3301063	3302672	427.8	350
EOG092R06V0	Complete	Pca203_chr2_A	6207180	6209062	945.3	513
EOG092R06VC	Complete	Pca203_chr8_A	4046523	4048917	721.2	440
EOG092R06VN	Complete	Pca203_chr17_A	3081239	3083719	505.6	388
EOG092R06VY	Complete	Pca203_chr1_A	4995632	4998216	579.4	448
EOG092R06X8	Complete	Pca203_chr6_A	4156392	4158489	390.1	327
EOG092R06XC	Complete	Pca203_chr16_A	1277776	1279890	566.8	453
EOG092R06XU	Fragmented	Pca203_chr3_A	5065811	5070984	28.3	26
EOG092R06XW	Fragmented	Pca203_chr12_A	2026473	2036391	213.7	306
EOG092R06ZW	Complete	Pca203_chr16_A	4534191	4538195	665.2	391
EOG092R070F	Complete	Pca203_chr6_A	2149265	2151540	971.8	502
EOG092R0717	Fragmented	Pca203_chr8_A	2245737	2257816	403.6	269
EOG092R0720	Complete	Pca203_chr5_A	3302571	3304872	723.2	370
EOG092R072B	Complete	Pca203_chr16_A	2547960	2550199	875.0	480
EOG092R072K	Missing
EOG092R072T	Complete	Pca203_chr1_A	65485	69726	464.1	377
EOG092R073C	Complete	Pca203_chr5_A	776341	779637	636.0	429
EOG092R074J	Complete	Pca203_chr1_A	6638406	6643473	510.3	368
EOG092R0764	Complete	Pca203_chr8_A	2301222	2305824	458.1	344
EOG092R076W	Complete	Pca203_chr11_A	5295939	5298241	916.0	491
EOG092R0773	Complete	Pca203_chr11_A	1979364	1981774	930.6	440
EOG092R077C	Complete	Pca203_chr1_A	4919043	4922100	339.6	255
EOG092R077Q	Complete	Pca203_chr8_A	3270462	3272801	966.3	508
EOG092R0785	Complete	Pca203_chr12_A	914797	922228	385.5	337
EOG092R078B	Complete	Pca203_chr2_A	1370810	1382982	625.0	516
EOG092R079G	Complete	Pca203_chr18_A	2039486	2046542	323.8	535
EOG092R07A5	Complete	Pca203_chr5_A	1915329	1917434	472.9	375
EOG092R07AD	Complete	Pca203_chr17_A	1116259	1123356	452.0	460
EOG092R07BH	Complete	Pca203_chr7_A	2146171	2154553	148.7	335
EOG092R07BO	Complete	Pca203_chr18_A	409908	411972	512.2	399
EOG092R07CR	Complete	Pca203_chr7_A	3136305	3138186	562.6	316
EOG092R07DK	Complete	Pca203_chr6_A	428691	434546	360.3	475
EOG092R07DL	Complete	Pca203_chr5_A	3854967	3857420	283.3	392
EOG092R07DQ	Complete	Pca203_chr17_A	3140068	3142362	728.0	406
EOG092R07EZ	Complete	Pca203_chr6_A	4292379	4296464	395.6	334
EOG092R07G0	Complete	Pca203_chr17_A	665769	669576	362.0	261
EOG092R07GB	Complete	Pca203_chr6_A	3861465	3863395	593.9	420
EOG092R07GM	Complete	Pca203_chr13_A	4227920	4237471	476.7	367
EOG092R07GO	Complete	Pca203_chr17_A	1077698	1080720	332.1	358
EOG092R07H5	Complete	Pca203_chr13_A	76141	78273	843.6	460
EOG092R07HE	Duplicated	Pca203_chr13_A	5302601	5304622	95.5	228
EOG092R07HE	Duplicated	Pca203_chr13_A	5327523	5329546	95.5	228
EOG092R07HG	Complete	Pca203_chr1_A	5826149	5836059	405.2	526
EOG092R07HN	Complete	Pca203_chr2_A	1223495	1225701	538.2	405
EOG092R07JN	Complete	Pca203_chr3_A	4119744	4122224	885.8	425
EOG092R07K7	Complete	Pca203_chr10_A	4697460	4699579	588.9	415
EOG092R07LS	Complete	Pca203_chr1_A	635831	639053	397.7	358
EOG092R07LZ	Complete	Pca203_chr7_A	5672298	5677699	774.7	561
EOG092R07MT	Complete	Pca203_chr11_A	4151454	4154784	1008.4	605
EOG092R07NX	Complete	Pca203_chr18_A	3149249	3151339	692.3	385
EOG092R07OK	Complete	Pca203_chr4_A	3975065	3985766	615.6	504
EOG092R07R7	Duplicated	Pca203_chr6_A	827431	829716	853.5	449
EOG092R07R7	Duplicated	Pca203_chr6_A	855170	857633	853.6	449
EOG092R07T1	Complete	Pca203_chr11_A	2077655	2079832	631.2	386
EOG092R07TL	Complete	Pca203_chr1_A	3125601	3130058	292.1	485
EOG092R07UH	Complete	Pca203_chr7_A	3868117	3870355	848.3	475
EOG092R07UL	Complete	Pca203_chr4_A	1183151	1185986	727.9	594
EOG092R07XL	Complete	Pca203_chr3_A	6369148	6371415	233.2	260
EOG092R080H	Complete	Pca203_chr8_A	3149157	3151038	499.4	332
EOG092R082W	Complete	Pca203_chr17_A	751570	754211	450.4	485
EOG092R0848	Complete	Pca203_chr13_A	4065062	4067485	901.9	477
EOG092R0849	Complete	Pca203_chr16_A	4645559	4647935	398.9	389
EOG092R084Q	Complete	Pca203_chr1_A	4257336	4259498	465.3	464
EOG092R086A	Missing
EOG092R087T	Complete	Pca203_chr6_A	4931489	4934064	541.3	461
EOG092R0881	Complete	Pca203_chr7_A	3146487	3149526	388.1	532
EOG092R088P	Complete	Pca203_chr16_A	2551958	2554179	818.2	439
EOG092R089P	Complete	Pca203_chr9_A	5301263	5303603	920.4	442
EOG092R089T	Complete	Pca203_chr3_A	1629373	1632080	411.5	321
EOG092R08AY	Complete	Pca203_chr11_A	4702189	4704435	503.1	305
EOG092R08BA	Complete	Pca203_chr4_A	2513586	2515711	644.0	494
EOG092R08BI	Duplicated	Pca203_chr8_A	695037	697299	497.5	413
EOG092R08BI	Duplicated	Pca203_chr8_A	730039	732300	497.5	413
EOG092R08BZ	Complete	Pca203_chr16_A	372691	374855	823.8	413
EOG092R08CA	Complete	Pca203_chr13_A	2971920	2979052	182.4	339
EOG092R08CQ	Complete	Pca203_chr9_A	1535858	1539176	298.5	506
EOG092R08EZ	Complete	Pca203_chr6_A	1650274	1654939	536.5	758
EOG092R08FD	Complete	Pca203_chr4_A	215836	217825	881.9	416
EOG092R08FP	Complete	Pca203_chr4_A	297135	299549	817.6	428
EOG092R08H1	Complete	Pca203_chr7_A	4270811	4281250	537.8	353
EOG092R08HB	Complete	Pca203_chr14_A	3296290	3302096	203.7	254
EOG092R08HQ	Complete	Pca203_chr11_A	3706989	3708603	530.9	346
EOG092R08I4	Complete	Pca203_chr8_A	4803688	4806696	167.7	252
EOG092R08IB	Complete	Pca203_chr16_A	4280408	4286352	440.2	349
EOG092R08J0	Complete	Pca203_chr5_A	3081687	3084587	670.2	411
EOG092R08JB	Complete	Pca203_chr16_A	4573463	4576488	814.9	476
EOG092R08JQ	Complete	Pca203_chr8_A	1827418	1829889	496.0	372
EOG092R08K4	Complete	Pca203_chr18_A	3151648	3153632	785.6	395
EOG092R08KJ	Complete	Pca203_chr5_A	374057	376931	182.6	244
EOG092R08L3	Missing
EOG092R08LW	Complete	Pca203_chr4_A	4963954	4966040	207.0	293
EOG092R08N0	Complete	Pca203_chr8_A	135200	137310	432.3	336
EOG092R08N3	Complete	Pca203_chr8_A	4843809	4846041	541.6	316
EOG092R08N8	Complete	Pca203_chr8_A	1787950	1790441	488.2	426
EOG092R08NE	Complete	Pca203_chr9_A	640518	642523	845.3	447
EOG092R08ON	Complete	Pca203_chr5_A	3244285	3247656	733.9	476
EOG092R08OZ	Complete	Pca203_chr8_A	5771788	5773888	610.1	359
EOG092R08P1	Complete	Pca203_chr1_A	7121871	7123717	467.2	346
EOG092R08PM	Complete	Pca203_chr13_A	109620	113663	733.4	691
EOG092R08Q9	Complete	Pca203_chr4_A	4774657	4781831	362.0	303
EOG092R08QO	Complete	Pca203_chr9_A	1623422	1626811	720.4	411
EOG092R08RN	Complete	Pca203_chr10_A	2496763	2499060	639.4	378
EOG092R08RP	Missing
EOG092R08RY	Complete	Pca203_chr18_A	1607564	1610887	438.9	365
EOG092R08SB	Complete	Pca203_chr3_A	94746	96507	609.4	405
EOG092R08SI	Complete	Pca203_chr11_A	3638571	3640076	390.1	316
EOG092R08U6	Complete	Pca203_chr3_A	5280954	5283011	332.7	326
EOG092R08UF	Complete	Pca203_chr1_A	6538466	6540102	516.9	345
EOG092R08US	Complete	Pca203_chr13_A	2104055	2106899	181.5	298
EOG092R08W1	Complete	Pca203_chr10_A	497560	498926	201.9	211
EOG092R08W6	Duplicated	Pca203_chr8_A	5213228	5215475	605.2	439
EOG092R08W6	Duplicated	Pca203_chr8_A	5219725	5227728	547.5	390
EOG092R08XM	Complete	Pca203_chr18_A	1857127	1862320	526.1	313
EOG092R08Y4	Complete	Pca203_chr1_A	6047790	6053720	363.4	276
EOG092R08Y6	Complete	Pca203_chr6_A	4451237	4454077	643.0	442
EOG092R08YA	Complete	Pca203_chr6_A	745669	747480	557.5	362
EOG092R08YU	Complete	Pca203_chr6_A	3050891	3054232	246.6	329
EOG092R08YZ	Complete	Pca203_chr16_A	2301940	2304312	871.9	488
EOG092R090E	Complete	Pca203_chr5_A	3992393	3994328	468.3	412
EOG092R090P	Complete	Pca203_chr6_A	3961647	3963524	609.2	334
EOG092R0914	Duplicated	Pca203_chr4_A	335786	337884	761.1	351
EOG092R0914	Duplicated	Pca203_chr6_A	5161260	5163341	761.1	351
EOG092R0915	Complete	Pca203_chr2_A	1518686	1520173	506.7	301
EOG092R091P	Complete	Pca203_chr12_A	998317	1000314	497.2	374
EOG092R091V	Complete	Pca203_chr3_A	1143642	1145947	452.7	361
EOG092R092A	Complete	Pca203_chr5_A	3378074	3383445	1019.3	580
EOG092R092H	Complete	Pca203_chr6_A	2616590	2619104	815.7	447
EOG092R092K	Complete	Pca203_chr3_A	783198	786623	865.2	478
EOG092R0931	Complete	Pca203_chr12_A	3145832	3147676	599.8	344
EOG092R094V	Complete	Pca203_chr3_A	2035092	2041484	497.6	370
EOG092R095W	Complete	Pca203_chr11_A	1594202	1596261	517.8	350
EOG092R096K	Complete	Pca203_chr2_A	4456801	4459004	357.7	322
EOG092R097B	Complete	Pca203_chr4_A	3983806	3985766	516.3	379
EOG092R097C	Complete	Pca203_chr16_A	2304789	2308507	733.4	553
EOG092R097H	Complete	Pca203_chr6_A	41088	42705	671.4	333
EOG092R097X	Complete	Pca203_chr1_A	1810789	1813008	491.3	380
EOG092R0987	Complete	Pca203_chr4_A	2484094	2485863	501.7	342
EOG092R098G	Complete	Pca203_chr5_A	1446448	1448738	438.7	431
EOG092R099Y	Duplicated	Pca203_chr3_A	5356133	5358219	643.3	378
EOG092R099Y	Duplicated	Pca203_chr8_A	3024061	3026375	617.8	380
EOG092R09BB	Complete	Pca203_chr17_A	1016212	1018048	295.2	352
EOG092R09CF	Complete	Pca203_chr1_A	5775471	5779147	869.2	643
EOG092R09CZ	Complete	Pca203_chr9_A	5578700	5580631	719.0	409
EOG092R09DU	Complete	Pca203_chr4_A	3191954	3198638	424.7	356
EOG092R09EI	Complete	Pca203_chr3_A	5249634	5251989	459.8	451
EOG092R09FU	Complete	Pca203_chr4_A	3022976	3025723	299.5	299
EOG092R09G0	Complete	Pca203_chr4_A	7472331	7474906	836.6	401
EOG092R09G6	Complete	Pca203_chr12_A	1807554	1809894	268.5	445
EOG092R09HC	Complete	Pca203_chr1_A	3511424	3513639	588.7	368
EOG092R09IK	Complete	Pca203_chr9_A	3941573	3946477	275.5	317
EOG092R09IO	Complete	Pca203_chr4_A	5645385	5647851	563.4	376
EOG092R09JK	Complete	Pca203_chr6_A	36238	39779	883.2	524
EOG092R09LN	Duplicated	Pca203_chr13_A	762122	764114	704.3	396
EOG092R09LN	Duplicated	Pca203_chr13_A	782920	784824	765.2	396
EOG092R09M5	Complete	Pca203_chr11_A	2558969	2560696	733.9	397
EOG092R09N7	Complete	Pca203_chr1_A	1334284	1339099	474.5	427
EOG092R09NL	Complete	Pca203_chr14_A	2493606	2497252	478.9	448
EOG092R09O0	Complete	Pca203_chr1_A	6821988	6823661	353.3	368
EOG092R09OO	Complete	Pca203_chr8_A	4240546	4242784	756.6	389
EOG092R09OV	Complete	Pca203_chr7_A	703188	706644	541.6	393
EOG092R09R0	Complete	Pca203_chr1_A	3570499	3572587	740.5	372
EOG092R09RJ	Complete	Pca203_chr9_A	1086406	1089359	717.8	492
EOG092R09RX	Complete	Pca203_chr4_A	6884506	6888438	366.6	576
EOG092R09T5	Complete	Pca203_chr10_A	5198188	5200161	722.5	402
EOG092R09T7	Complete	Pca203_chr18_A	1191476	1193745	372.3	284
EOG092R09UB	Complete	Pca203_chr18_A	958718	961474	561.7	437
EOG092R09VI	Complete	Pca203_chr9_A	1122614	1124978	371.6	324
EOG092R09W3	Complete	Pca203_chr13_A	2097115	2099724	769.4	384
EOG092R09Z0	Complete	Pca203_chr12_A	994076	995767	901.6	427
EOG092R0A0X	Complete	Pca203_chr7_A	1174024	1176015	752.0	353
EOG092R0A4R	Complete	Pca203_chr15_A	3351507	3353682	382.4	333
EOG092R0A5W	Complete	Pca203_chr2_A	4279077	4282351	673.9	505
EOG092R0A63	Complete	Pca203_chr2_A	6039882	6041932	321.5	335
EOG092R0A6R	Complete	Pca203_chr7_A	2910179	2912467	422.6	306
EOG092R0A87	Complete	Pca203_chr17_A	616583	618335	643.5	379
EOG092R0A9D	Complete	Pca203_chr1_A	3109794	3112133	687.4	381
EOG092R0AA1	Complete	Pca203_chr7_A	4796022	4798462	265.1	335
EOG092R0AAR	Complete	Pca203_chr15_A	1206046	1207773	442.8	407
EOG092R0ABG	Complete	Pca203_chr15_A	1216538	1218412	757.5	436
EOG092R0ABW	Complete	Pca203_chr3_A	5124133	5126202	517.9	394
EOG092R0AC7	Complete	Pca203_chr9_A	1031398	1033519	869.4	474
EOG092R0AC9	Complete	Pca203_chr18_A	1506861	1509261	845.3	454
EOG092R0ACQ	Complete	Pca203_chr16_A	3878005	3883998	544.4	613
EOG092R0ADC	Fragmented	Pca203_chr17_A	694527	702021	678.3	420
EOG092R0ADS	Complete	Pca203_chr1_A	3942117	3944834	749.3	368
EOG092R0AEU	Complete	Pca203_chr9_A	832786	839632	458.1	416
EOG092R0AF1	Complete	Pca203_chr3_A	614370	624640	165.0	237
EOG092R0AG4	Complete	Pca203_chr4_A	24259	26752	618.8	335
EOG092R0AGC	Complete	Pca203_chr12_A	2210760	2212916	409.3	319
EOG092R0AH1	Complete	Pca203_chr3_A	5860263	5862367	473.3	349
EOG092R0AIC	Complete	Pca203_chr8_A	3605590	3612105	416.2	278
EOG092R0AJO	Complete	Pca203_chr9_A	4526773	4528159	384.5	315
EOG092R0AKD	Complete	Pca203_chr8_A	4221493	4223103	650.0	412
EOG092R0AM6	Complete	Pca203_chr16_A	2090584	2093309	555.1	313
EOG092R0AMZ	Complete	Pca203_chr17_A	2990999	2992679	725.5	379
EOG092R0ANI	Fragmented	Pca203_chr4_A	6855219	6861004	264.3	196
EOG092R0ANM	Complete	Pca203_chr2_A	4258063	4260208	473.7	346
EOG092R0AO9	Complete	Pca203_chr16_A	4634665	4637044	160.1	246
EOG092R0AQ5	Complete	Pca203_chr1_A	6019110	6021504	378.7	219
EOG092R0AQA	Missing
EOG092R0AQN	Complete	Pca203_chr3_A	4440911	4442735	722.8	436
EOG092R0AR5	Complete	Pca203_chr10_A	5216544	5218549	803.7	401
EOG092R0ARJ	Complete	Pca203_chr17_A	844516	846601	361.7	335
EOG092R0ARM	Complete	Pca203_chr2_A	3862426	3871352	285.4	318
EOG092R0AS8	Complete	Pca203_chr16_A	3606977	3608961	437.2	421
EOG092R0ASG	Complete	Pca203_chr3_A	679933	682014	532.6	382
EOG092R0ATE	Complete	Pca203_chr2_A	1348861	1351632	741.2	522
EOG092R0AU5	Duplicated	Pca203_chr4_A	5575613	5576782	531.1	295
EOG092R0AU5	Duplicated	Pca203_chr4_A	5608309	5609478	531.1	295
EOG092R0AUH	Complete	Pca203_chr11_A	5432813	5436904	470.3	500
EOG092R0AV1	Complete	Pca203_chr3_A	802597	808949	148.9	241
EOG092R0AV8	Complete	Pca203_chr2_A	1740122	1748010	248.6	320
EOG092R0AW5	Complete	Pca203_chr1_A	1881279	1883300	824.5	374
EOG092R0AX2	Complete	Pca203_chr12_A	3034148	3036266	558.9	373
EOG092R0AYL	Complete	Pca203_chr10_A	2527086	2528914	613.7	313
EOG092R0AYQ	Complete	Pca203_chr1_A	4915997	4917834	641.1	351
EOG092R0AYX	Complete	Pca203_chr14_A	549003	551452	432.5	306
EOG092R0AZ1	Complete	Pca203_chr1_A	520613	522953	382.4	323
EOG092R0AZ2	Fragmented	Pca203_chr14_A	2040747	2051655	345.2	298
EOG092R0AZT	Complete	Pca203_chr5_A	6411228	6412718	338.1	257
EOG092R0AZU	Complete	Pca203_chr2_A	2042343	2044265	608.1	348
EOG092R0B2C	Complete	Pca203_chr6_A	2681235	2687794	250.8	268
EOG092R0B44	Complete	Pca203_chr3_A	5126404	5129241	676.6	583
EOG092R0B48	Complete	Pca203_chr5_A	1346239	1347567	377.5	248
EOG092R0B4A	Complete	Pca203_chr10_A	1937164	1939521	726.3	355
EOG092R0B50	Complete	Pca203_chr11_A	5127289	5129093	668.0	385
EOG092R0B5P	Complete	Pca203_chr2_A	3687604	3694049	305.3	275
EOG092R0B62	Missing
EOG092R0B7A	Complete	Pca203_chr9_A	6160190	6162833	475.3	297
EOG092R0B7G	Complete	Pca203_chr9_A	4859321	4861485	487.7	325
EOG092R0B8F	Complete	Pca203_chr10_A	2477827	2481019	449.0	339
EOG092R0B9X	Complete	Pca203_chr9_A	5629638	5632063	587.8	432
EOG092R0BAK	Complete	Pca203_chr18_A	3240851	3242749	419.8	300
EOG092R0BB2	Complete	Pca203_chr5_A	5938215	5939960	589.7	302
EOG092R0BB6	Complete	Pca203_chr6_A	1777047	1778888	655.7	351
EOG092R0BBB	Complete	Pca203_chr8_A	4728470	4736666	326.1	445
EOG092R0BBF	Complete	Pca203_chr8_A	1838392	1840254	437.0	280
EOG092R0BBO	Complete	Pca203_chr6_A	4498509	4500526	519.5	343
EOG092R0BE6	Complete	Pca203_chr5_A	2286506	2288683	611.6	352
EOG092R0BEU	Complete	Pca203_chr15_A	1947897	1950778	510.5	502
EOG092R0BEY	Complete	Pca203_chr1_A	2516670	2518631	603.4	343
EOG092R0BF1	Missing
EOG092R0BF6	Fragmented	Pca203_chr10_A	4957283	4966396	409.5	262
EOG092R0BGT	Complete	Pca203_chr9_A	1798507	1800158	220.1	217
EOG092R0BH2	Fragmented	Pca203_chr9_A	936135	943902	314.9	380
EOG092R0BHP	Complete	Pca203_chr7_A	449318	453847	267.7	603
EOG092R0BHZ	Complete	Pca203_chr6_A	3741923	3743178	470.4	292
EOG092R0BJ4	Complete	Pca203_chr14_A	3478351	3484681	330.4	326
EOG092R0BK3	Complete	Pca203_chr6_A	2664298	2665941	443.3	269
EOG092R0BK6	Complete	Pca203_chr8_A	3560462	3562607	490.5	364
EOG092R0BK8	Complete	Pca203_chr6_A	2592119	2594176	388.8	358
EOG092R0BKH	Missing
EOG092R0BKU	Duplicated	Pca203_chr3_A	6068997	6071105	675.2	347
EOG092R0BKU	Duplicated	Pca203_chr3_A	6081542	6085506	650.1	345
EOG092R0BLA	Complete	Pca203_chr11_A	2452258	2454142	386.6	270
EOG092R0BM3	Complete	Pca203_chr6_A	4237037	4239150	410.5	277
EOG092R0BNI	Missing
EOG092R0BNT	Fragmented	Pca203_chr1_A	7659105	7665447	366.6	289
EOG092R0BOA	Complete	Pca203_chr15_A	3884631	3889538	450.7	323
EOG092R0BPK	Complete	Pca203_chr1_A	6015945	6017884	323.8	290
EOG092R0BQB	Complete	Pca203_chr6_A	2228167	2229812	236.1	238
EOG092R0BS6	Complete	Pca203_chr10_A	479872	481566	608.6	323
EOG092R0BSN	Complete	Pca203_chr17_A	292370	294027	709.2	378
EOG092R0BTM	Complete	Pca203_chr2_A	3161708	3163402	434.4	309
EOG092R0BUS	Complete	Pca203_chr1_A	3965968	3968515	211.2	144
EOG092R0BUX	Duplicated	Pca203_chr3_A	208093	210131	383.6	314
EOG092R0BUX	Duplicated	Pca203_chr3_A	215185	217117	388.0	315
EOG092R0BUY	Complete	Pca203_chr10_A	4347865	4349535	448.5	342
EOG092R0BWR	Duplicated	Pca203_chr5_A	4348768	4350673	239.2	312
EOG092R0BWR	Duplicated	Pca203_chr5_A	4380173	4382081	239.2	312
EOG092R0BY1	Complete	Pca203_chr17_A	859720	861586	719.7	349
EOG092R0BY6	Missing
EOG092R0BYG	Complete	Pca203_chr7_A	1362503	1364739	687.8	426
EOG092R0BZ8	Complete	Pca203_chr1_A	7802344	7804121	353.5	368
EOG092R0C0G	Complete	Pca203_chr2_A	6127276	6128151	137.4	175
EOG092R0C0P	Complete	Pca203_chr17_A	1071671	1073636	493.8	309
EOG092R0C13	Complete	Pca203_chr13_A	722651	725229	502.3	304
EOG092R0C17	Complete	Pca203_chr14_A	1901951	1903526	358.1	266
EOG092R0C1R	Complete	Pca203_chr2_A	3591542	3600348	506.7	396
EOG092R0C2U	Complete	Pca203_chr3_A	6019508	6021264	547.8	344
EOG092R0C35	Complete	Pca203_chr3_A	5903770	5905488	464.9	252
EOG092R0C3F	Complete	Pca203_chr10_A	1258430	1259814	384.3	271
EOG092R0C54	Complete	Pca203_chr16_A	1421822	1423272	353.8	229
EOG092R0C6Q	Complete	Pca203_chr16_A	948480	950116	632.6	342
EOG092R0C7R	Complete	Pca203_chr16_A	78623	81569	552.6	327
EOG092R0C7Y	Complete	Pca203_chr11_A	2379953	2381763	720.7	348
EOG092R0C8F	Complete	Pca203_chr1_A	5783396	5784681	365.9	306
EOG092R0C8Z	Fragmented	Pca203_chr14_A	2736448	2743374	364.6	321
EOG092R0C95	Complete	Pca203_chr6_A	4705093	4706978	608.5	319
EOG092R0C9A	Complete	Pca203_chr4_A	7291436	7293181	213.1	241
EOG092R0C9U	Complete	Pca203_chr16_A	2048905	2050785	719.0	375
EOG092R0CAE	Complete	Pca203_chr14_A	2660854	2662625	329.9	309
EOG092R0CAT	Complete	Pca203_chr7_A	4640879	4642513	333.9	290
EOG092R0CC7	Complete	Pca203_chr7_A	5095352	5097273	390.9	265
EOG092R0CDN	Complete	Pca203_chr18_A	85351	87120	602.1	286
EOG092R0CDU	Complete	Pca203_chr6_A	2905683	2907509	572.7	270
EOG092R0CE7	Complete	Pca203_chr8_A	853902	855700	475.3	329
EOG092R0CEA	Missing
EOG092R0CEK	Complete	Pca203_chr15_A	1354379	1356179	404.1	333
EOG092R0CEN	Complete	Pca203_chr7_A	90874	93424	778.9	480
EOG092R0CF5	Missing
EOG092R0CFE	Complete	Pca203_chr18_A	1608230	1614932	702.1	354
EOG092R0CH9	Complete	Pca203_chr3_A	6103715	6107673	438.1	267
EOG092R0CJ4	Complete	Pca203_chr4_A	3540754	3545604	426.3	322
EOG092R0CJ8	Complete	Pca203_chr11_A	2686969	2689169	727.6	358
EOG092R0CK5	Complete	Pca203_chr4_A	2657412	2658893	397.3	260
EOG092R0CL0	Complete	Pca203_chr14_A	965819	968987	690.3	481
EOG092R0CM9	Complete	Pca203_chr1_A	1193536	1205246	353.9	431
EOG092R0CMF	Complete	Pca203_chr18_A	1401612	1403674	480.7	399
EOG092R0CN6	Complete	Pca203_chr17_A	1821456	1828727	261.4	246
EOG092R0COJ	Complete	Pca203_chr11_A	2664810	2667832	489.6	600
EOG092R0CON	Complete	Pca203_chr6_A	4589449	4591077	554.5	298
EOG092R0CPI	Complete	Pca203_chr18_A	3019861	3028284	693.2	610
EOG092R0CQJ	Complete	Pca203_chr15_A	3861764	3868278	674.7	351
EOG092R0CQO	Complete	Pca203_chr4_A	3463358	3465956	502.6	362
EOG092R0CQT	Complete	Pca203_chr6_A	1572076	1573605	193.2	255
EOG092R0CR8	Complete	Pca203_chr12_A	430993	433316	466.7	326
EOG092R0CRJ	Complete	Pca203_chr2_A	4375320	4377086	384.3	325
EOG092R0CSC	Complete	Pca203_chr5_A	1568045	1569881	340.5	250
EOG092R0CSH	Complete	Pca203_chr17_A	3573792	3575863	629.4	324
EOG092R0CXL	Complete	Pca203_chr15_A	1907487	1909505	566.2	389
EOG092R0CZ5	Complete	Pca203_chr13_A	4690204	4692342	478.9	424
EOG092R0CZV	Complete	Pca203_chr12_A	2190435	2197232	367.7	341
EOG092R0D0J	Complete	Pca203_chr11_A	34006	36259	514.2	405
EOG092R0D1W	Complete	Pca203_chr10_A	1247990	1251058	413.1	381
EOG092R0D43	Complete	Pca203_chr8_A	4711981	4713250	157.6	171
EOG092R0D4C	Complete	Pca203_chr1_A	2267490	2272855	117.3	240
EOG092R0D4Y	Complete	Pca203_chr4_A	1296269	1297659	566.7	385
EOG092R0D5N	Complete	Pca203_chr2_A	6290767	6292713	494.8	333
EOG092R0D8D	Complete	Pca203_chr18_A	2057065	2058775	224.9	237
EOG092R0DAA	Complete	Pca203_chr3_A	6460013	6462175	187.6	243
EOG092R0DAS	Complete	Pca203_chr8_A	737157	743425	401.6	264
EOG092R0DAX	Complete	Pca203_chr13_A	2889786	2891978	303.7	318
EOG092R0DB4	Complete	Pca203_chr12_A	1715031	1716526	420.9	265
EOG092R0DB8	Complete	Pca203_chr2_A	937128	938120	228.3	190
EOG092R0DEA	Complete	Pca203_chr16_A	4751716	4754675	316.0	321
EOG092R0DF6	Complete	Pca203_chr3_A	5865689	5867001	360.6	257
EOG092R0DGH	Complete	Pca203_chr3_A	6117711	6119107	376.1	249
EOG092R0DGZ	Complete	Pca203_chr7_A	6030418	6032388	583.6	296
EOG092R0DIN	Complete	Pca203_chr2_A	5366073	5367740	259.7	235
EOG092R0DJ1	Complete	Pca203_chr15_A	627572	629072	468.8	303
EOG092R0DJY	Complete	Pca203_chr7_A	5531701	5533498	527.6	282
EOG092R0DM6	Missing
EOG092R0DN6	Complete	Pca203_chr1_A	4925702	4927157	334.7	258
EOG092R0DNQ	Complete	Pca203_chr4_A	1109037	1110955	207.5	206
EOG092R0DQX	Complete	Pca203_chr1_A	3356703	3358832	407.8	312
EOG092R0DR3	Complete	Pca203_chr3_A	6608346	6610046	666.3	279
EOG092R0DSK	Complete	Pca203_chr12_A	1991034	1993027	459.9	301
EOG092R0DTK	Complete	Pca203_chr2_A	4910749	4913139	481.0	283
EOG092R0DU9	Complete	Pca203_chr5_A	1020462	1029520	144.5	236
EOG092R0DWM	Complete	Pca203_chr6_A	719993	721608	566.6	367
EOG092R0DWR	Complete	Pca203_chr3_A	3699646	3701113	362.2	264
EOG092R0DWU	Complete	Pca203_chr8_A	2161764	2163333	496.8	346
EOG092R0DXD	Complete	Pca203_chr13_A	3664589	3666215	435.0	326
EOG092R0DZ6	Complete	Pca203_chr12_A	1798350	1801131	269.3	327
EOG092R0DZB	Duplicated	Pca203_chr7_A	1288094	1289693	236.6	211
EOG092R0DZB	Duplicated	Pca203_chr7_A	1308324	1310037	235.8	210
EOG092R0E1C	Complete	Pca203_chr3_A	5926025	5927430	468.1	306
EOG092R0E1F	Complete	Pca203_chr2_A	298419	302831	451.2	510
EOG092R0E1V	Complete	Pca203_chr6_A	1800137	1801639	377.7	237
EOG092R0E21	Fragmented	Pca203_chr2_A	5894702	5901327	494.0	287
EOG092R0E2H	Complete	Pca203_chr2_A	1130633	1131862	239.9	176
EOG092R0E2P	Complete	Pca203_chr8_A	3163952	3166846	568.8	342
EOG092R0E2X	Complete	Pca203_chr17_A	3556254	3557840	490.7	340
EOG092R0E4X	Complete	Pca203_chr10_A	4601627	4603151	515.4	302
EOG092R0E6F	Fragmented	Pca203_chr4_A	3542287	3548672	291.5	229
EOG092R0E7Z	Complete	Pca203_chr13_A	4055762	4062694	478.1	297
EOG092R0E93	Complete	Pca203_chr2_A	5671113	5672644	437.8	270
EOG092R0E9H	Complete	Pca203_chr7_A	4153369	4155267	485.8	267
EOG092R0E9K	Complete	Pca203_chr5_A	2707327	2708797	451.9	274
EOG092R0EAS	Complete	Pca203_chr1_A	4140573	4142240	202.5	285
EOG092R0EC6	Complete	Pca203_chr6_A	2594507	2596171	268.5	260
EOG092R0EEN	Complete	Pca203_chr9_A	4581437	4583161	557.9	293
EOG092R0EGG	Complete	Pca203_chr15_A	239491	241723	395.2	316
EOG092R0EIG	Complete	Pca203_chr1_A	1470772	1472265	545.3	325
EOG092R0EJ5	Complete	Pca203_chr15_A	1502113	1504563	542.6	316
EOG092R0EJP	Complete	Pca203_chr10_A	490461	496226	375.3	312
EOG092R0ELR	Complete	Pca203_chr11_A	2138427	2140289	626.2	331
EOG092R0EM4	Complete	Pca203_chr5_A	160160	161848	407.0	334
EOG092R0EN7	Complete	Pca203_chr17_A	289299	290971	364.2	330
EOG092R0ENE	Complete	Pca203_chr16_A	3867892	3869064	72.9	175
EOG092R0ENX	Complete	Pca203_chr16_A	4142334	4144722	617.7	339
EOG092R0EO7	Complete	Pca203_chr10_A	4238159	4243429	166.1	170
EOG092R0EOC	Complete	Pca203_chr5_A	1648233	1649732	373.6	288
EOG092R0EPM	Complete	Pca203_chr6_A	411859	414412	468.9	303
EOG092R0EPO	Complete	Pca203_chr8_A	2618181	2619921	586.4	283
EOG092R0EQ9	Complete	Pca203_chr5_A	6163056	6165634	526.7	355
EOG092R0EQS	Complete	Pca203_chr5_A	469153	471379	220.1	178
EOG092R0ERM	Complete	Pca203_chr6_A	1924738	1930866	145.7	287
EOG092R0ESY	Complete	Pca203_chr1_A	3100286	3102041	233.4	235
EOG092R0EUG	Complete	Pca203_chr8_A	56484	66699	132.0	163
EOG092R0EVO	Missing
EOG092R0EWK	Complete	Pca203_chr2_A	5356728	5359152	265.8	279
EOG092R0EXY	Complete	Pca203_chr18_A	1472012	1474199	394.0	273
EOG092R0EY7	Fragmented	Pca203_chr14_A	1604103	1610631	196.5	213
EOG092R0F09	Complete	Pca203_chr1_A	1227992	1230353	696.8	464
EOG092R0F1M	Complete	Pca203_chr2_A	4459236	4460382	164.3	164
EOG092R0F24	Complete	Pca203_chr15_A	1208005	1209112	219.0	195
EOG092R0F25	Complete	Pca203_chr5_A	3301600	3307281	129.6	149
EOG092R0F34	Complete	Pca203_chr13_A	392399	395627	292.0	211
EOG092R0F3N	Complete	Pca203_chr1_A	237734	239112	228.2	214
EOG092R0F4T	Complete	Pca203_chr8_A	4088023	4089745	530.7	395
EOG092R0F52	Complete	Pca203_chr1_A	4185063	4186858	497.1	303
EOG092R0F5V	Complete	Pca203_chr11_A	524696	535766	305.8	622
EOG092R0F5X	Duplicated	Pca203_chr12_A	1568733	1570755	538.3	305
EOG092R0F5X	Duplicated	Pca203_chr7_A	1729216	1731122	537.8	305
EOG092R0F64	Missing
EOG092R0F67	Complete	Pca203_chr6_A	881690	883216	310.8	290
EOG092R0F74	Complete	Pca203_chr13_A	550586	551985	583.3	306
EOG092R0F76	Complete	Pca203_chr14_A	2139143	2141282	408.9	292
EOG092R0F7R	Complete	Pca203_chr2_A	2034249	2036013	416.0	268
EOG092R0F8A	Fragmented	Pca203_chr16_A	1591856	1599301	374.3	456
EOG092R0FAM	Complete	Pca203_chr3_A	213739	215116	98.0	165
EOG092R0FAZ	Complete	Pca203_chr4_A	1010478	1011936	486.3	268
EOG092R0FCI	Complete	Pca203_chr18_A	3319457	3322985	317.7	219
EOG092R0FCN	Complete	Pca203_chr16_A	2324688	2326428	409.2	316
EOG092R0FDD	Complete	Pca203_chr1_A	7981303	7986398	121.5	206
EOG092R0FFP	Complete	Pca203_chr9_A	5834827	5836504	248.7	216
EOG092R0FIM	Complete	Pca203_chr8_A	4026344	4028184	232.4	241
EOG092R0FJL	Complete	Pca203_chr11_A	2775273	2777436	385.7	298
EOG092R0FKC	Complete	Pca203_chr10_A	1978546	1979723	419.8	244
EOG092R0FLV	Complete	Pca203_chr7_A	7078	8657	365.1	239
EOG092R0FOA	Complete	Pca203_chr12_A	2187041	2188778	552.1	268
EOG092R0FOI	Complete	Pca203_chr7_A	4976788	4977897	310.8	229
EOG092R0FOM	Complete	Pca203_chr18_A	2081301	2083054	546.5	285
EOG092R0FP6	Complete	Pca203_chr3_A	3053368	3054887	461.7	265
EOG092R0FPZ	Complete	Pca203_chr2_A	5655668	5657907	493.1	293
EOG092R0FQ5	Complete	Pca203_chr2_A	1343143	1345034	273.8	210
EOG092R0FQB	Complete	Pca203_chr2_A	3086891	3088492	443.3	204
EOG092R0FRD	Complete	Pca203_chr5_A	1219883	1220887	236.7	132
EOG092R0FRL	Complete	Pca203_chr10_A	4653517	4655263	451.1	349
EOG092R0FRY	Complete	Pca203_chr14_A	3335135	3337242	406.8	354
EOG092R0FS2	Complete	Pca203_chr10_A	4119721	4123454	457.5	273
EOG092R0FSA	Duplicated	Pca203_chr1_A	6619635	6621369	456.1	314
EOG092R0FSA	Duplicated	Pca203_chr1_A	6649582	6651315	456.1	314
EOG092R0FSQ	Complete	Pca203_chr9_A	3552849	3554375	336.7	223
EOG092R0FTB	Missing
EOG092R0FU7	Complete	Pca203_chr5_A	6424716	6426085	383.5	218
EOG092R0FWB	Complete	Pca203_chr11_A	1592925	1598017	205.6	156
EOG092R0FZH	Complete	Pca203_chr4_A	2480748	2483170	102.2	125
EOG092R0FZK	Complete	Pca203_chr3_A	6883530	6884806	340.6	252
EOG092R0G14	Complete	Pca203_chr4_A	1187038	1188547	293.1	286
EOG092R0G52	Complete	Pca203_chr2_A	1377464	1383091	84.9	156
EOG092R0G64	Complete	Pca203_chr16_A	2035027	2036545	354.4	377
EOG092R0G68	Complete	Pca203_chr8_A	2471894	2473678	160.8	255
EOG092R0G9F	Missing
EOG092R0G9L	Complete	Pca203_chr1_A	323797	325494	396.2	275
EOG092R0GA6	Complete	Pca203_chr15_A	2438181	2439558	282.9	201
EOG092R0GBD	Complete	Pca203_chr16_A	2525278	2527561	453.5	421
EOG092R0GCI	Missing
EOG092R0GFL	Complete	Pca203_chr3_A	4339545	4341062	517.6	246
EOG092R0GFN	Complete	Pca203_chr13_A	643940	645486	513.4	288
EOG092R0GG7	Complete	Pca203_chr8_A	2852486	2854474	295.2	273
EOG092R0GGJ	Complete	Pca203_chr5_A	6644901	6646456	317.0	224
EOG092R0GHG	Complete	Pca203_chr4_A	996669	998844	226.0	298
EOG092R0GHH	Complete	Pca203_chr13_A	758115	761247	232.4	319
EOG092R0GIT	Complete	Pca203_chr5_A	6785707	6787028	430.7	308
EOG092R0GJ9	Complete	Pca203_chr4_A	2892150	2893706	435.5	289
EOG092R0GKM	Complete	Pca203_chr9_A	6340461	6342329	328.9	255
EOG092R0GLU	Complete	Pca203_chr5_A	2691813	2693080	280.5	219
EOG092R0GLY	Complete	Pca203_chr2_A	442797	445347	395.2	229
EOG092R0GN4	Complete	Pca203_chr2_A	4954387	4955892	416.4	248
EOG092R0GNS	Complete	Pca203_chr5_A	6367623	6369098	419.6	257
EOG092R0GO4	Complete	Pca203_chr7_A	1924756	1926125	400.9	256
EOG092R0GO5	Complete	Pca203_chr1_A	4155306	4162045	389.3	278
EOG092R0GQ1	Missing
EOG092R0GRB	Complete	Pca203_chr3_A	4227297	4229125	405.0	329
EOG092R0GS9	Complete	Pca203_chr13_A	374053	375753	495.8	288
EOG092R0GT4	Complete	Pca203_chr7_A	1532557	1533994	314.0	235
EOG092R0GTJ	Complete	Pca203_chr11_A	5405456	5406987	473.4	261
EOG092R0GU0	Complete	Pca203_chr6_A	3368894	3370531	310.8	239
EOG092R0GUF	Complete	Pca203_chr4_A	1308011	1309115	341.0	237
EOG092R0GUH	Complete	Pca203_chr18_A	24713	26262	531.4	263
EOG092R0GUK	Complete	Pca203_chr1_A	948178	954553	287.5	240
EOG092R0GUL	Complete	Pca203_chr12_A	1713353	1716056	158.6	172
EOG092R0GWI	Missing
EOG092R0GX1	Complete	Pca203_chr3_A	5863584	5865282	397.8	291
EOG092R0GXT	Complete	Pca203_chr6_A	349453	351022	119.3	256
EOG092R0GYO	Complete	Pca203_chr17_A	1169778	1171363	538.1	267
EOG092R0GZC	Complete	Pca203_chr6_A	2043696	2045011	354.2	214
EOG092R0GZG	Complete	Pca203_chr8_A	3914783	3916218	285.6	216
EOG092R0GZP	Complete	Pca203_chr2_A	1044304	1045996	220.3	180
EOG092R0H00	Complete	Pca203_chr5_A	997619	999555	327.9	278
EOG092R0H11	Complete	Pca203_chr1_A	51815	57659	258.9	203
EOG092R0H3E	Complete	Pca203_chr16_A	1428071	1432355	518.6	502
EOG092R0H3G	Complete	Pca203_chr17_A	926049	927189	118.2	154
EOG092R0H4U	Complete	Pca203_chr12_A	4730143	4736746	124.3	179
EOG092R0H5C	Complete	Pca203_chr9_A	3855024	3856650	300.5	213
EOG092R0H62	Fragmented	Pca203_chr11_A	5112405	5119116	103.8	152
EOG092R0H6M	Complete	Pca203_chr2_A	132816	134476	426.6	269
EOG092R0H6Z	Fragmented	Pca203_chr1_A	5388884	5395248	387.5	251
EOG092R0H8R	Complete	Pca203_chr2_A	3114441	3115472	266.2	194
EOG092R0H91	Complete	Pca203_chr12_A	1692087	1693996	351.0	222
EOG092R0H9A	Complete	Pca203_chr6_A	2185195	2186170	331.3	197
EOG092R0H9C	Complete	Pca203_chr11_A	2435239	2436342	231.0	247
EOG092R0H9E	Complete	Pca203_chr3_A	2666644	2671387	346.4	207
EOG092R0H9Y	Complete	Pca203_chr14_A	1013530	1015676	521.1	260
EOG092R0HA8	Complete	Pca203_chr3_A	5714915	5716309	247.6	198
EOG092R0HB1	Complete	Pca203_chr10_A	1803449	1804684	396.7	265
EOG092R0HCF	Complete	Pca203_chr18_A	594590	595526	312.6	191
EOG092R0HDR	Complete	Pca203_chr1_A	3364228	3370506	139.1	193
EOG092R0HEY	Complete	Pca203_chr15_A	892361	894919	566.7	399
EOG092R0HFL	Complete	Pca203_chr7_A	3048033	3049599	419.2	233
EOG092R0HG0	Complete	Pca203_chr3_A	515639	517280	434.1	252
EOG092R0HHR	Complete	Pca203_chr5_A	6004748	6010834	175.7	200
EOG092R0HHS	Complete	Pca203_chr4_A	2913905	2915524	349.0	242
EOG092R0HHV	Complete	Pca203_chr18_A	2508321	2510062	309.7	262
EOG092R0HKX	Complete	Pca203_chr1_A	4271823	4273330	313.0	212
EOG092R0HLQ	Missing
EOG092R0HNM	Complete	Pca203_chr1_A	5206951	5208158	242.9	189
EOG092R0HNU	Complete	Pca203_chr1_A	250677	251934	425.8	215
EOG092R0HNX	Complete	Pca203_chr11_A	466499	467900	361.4	216
EOG092R0HP9	Complete	Pca203_chr18_A	88531	90569	214.9	189
EOG092R0HPF	Complete	Pca203_chr1_A	7737565	7739091	331.6	227
EOG092R0HRZ	Fragmented	Pca203_chr7_A	3520581	3530994	281.5	210
EOG092R0HSR	Complete	Pca203_chr4_A	6027199	6031029	86.4	163
EOG092R0HTG	Complete	Pca203_chr3_A	6848323	6849474	217.3	172
EOG092R0HTQ	Complete	Pca203_chr1_A	3305191	3306896	324.2	327
EOG092R0HU8	Complete	Pca203_chr17_A	518304	520796	553.5	351
EOG092R0HUD	Complete	Pca203_chr3_A	60251	62114	342.3	229
EOG092R0HUS	Complete	Pca203_chr2_A	4050103	4051647	365.4	235
EOG092R0HUT	Complete	Pca203_chr8_A	1037461	1039134	285.6	247
EOG092R0HV1	Complete	Pca203_chr7_A	2572388	2573777	279.0	213
EOG092R0HVD	Complete	Pca203_chr11_A	5865674	5867709	357.0	210
EOG092R0HVM	Duplicated	Pca203_chr7_A	1100148	1101884	333.4	215
EOG092R0HVM	Duplicated	Pca203_chr7_A	1103403	1104922	320.4	215
EOG092R0HVW	Complete	Pca203_chr1_A	135291	137719	343.2	303
EOG092R0HVX	Complete	Pca203_chr1_A	7673405	7677022	138.7	120
EOG092R0HWE	Complete	Pca203_chr16_A	3348530	3353733	350.8	289
EOG092R0HX3	Complete	Pca203_chr7_A	3223341	3225821	289.3	274
EOG092R0HZT	Complete	Pca203_chr1_A	6045809	6047049	512.1	304
EOG092R0I06	Complete	Pca203_chr1_A	2100654	2102152	271.0	249
EOG092R0I0W	Complete	Pca203_chr15_A	3756578	3761902	291.0	271
EOG092R0I1Q	Complete	Pca203_chr10_A	5097222	5098864	378.2	341
EOG092R0I2Q	Complete	Pca203_chr6_A	1876275	1877566	353.8	214
EOG092R0I40	Fragmented	Pca203_chr1_A	5032079	5038538	211.6	245
EOG092R0I4I	Complete	Pca203_chr16_A	4437708	4439442	279.1	238
EOG092R0I55	Complete	Pca203_chr3_A	6038618	6039784	257.2	205
EOG092R0I5K	Complete	Pca203_chr5_A	6438634	6442923	150.6	186
EOG092R0I6A	Fragmented	Pca203_chr6_A	3835564	3841890	134.4	85
EOG092R0I91	Complete	Pca203_chr2_A	118844	120131	364.7	238
EOG092R0I97	Duplicated	Pca203_chr4_A	504751	506315	564.5	296
EOG092R0I97	Duplicated	Pca203_chr9_A	4704721	4706337	563.9	296
EOG092R0I9G	Complete	Pca203_chr10_A	962580	969175	221.5	241
EOG092R0IBO	Complete	Pca203_chr13_A	3805906	3807726	337.6	255
EOG092R0IBZ	Complete	Pca203_chr10_A	5536244	5547179	205.6	192
EOG092R0IC5	Duplicated	Pca203_chr3_A	6553664	6555090	284.0	195
EOG092R0IC5	Duplicated	Pca203_chr3_A	6570442	6574570	248.8	196
EOG092R0ICU	Complete	Pca203_chr8_A	5911854	5915043	277.3	283
EOG092R0IFA	Complete	Pca203_chr10_A	3259144	3260615	276.6	264
EOG092R0II2	Complete	Pca203_chr18_A	3028611	3029967	182.0	227
EOG092R0IJ0	Complete	Pca203_chr5_A	4074811	4076549	394.8	297
EOG092R0IL3	Missing
EOG092R0IM4	Complete	Pca203_chr1_A	2438144	2439399	450.7	230
EOG092R0IMW	Missing
EOG092R0IN4	Complete	Pca203_chr18_A	654325	655395	238.6	180
EOG092R0IO1	Complete	Pca203_chr7_A	4201263	4204399	234.2	197
EOG092R0IOJ	Missing
EOG092R0IP8	Complete	Pca203_chr1_A	6164484	6165868	444.9	281
EOG092R0IPH	Complete	Pca203_chr9_A	5560141	5561173	314.0	181
EOG092R0IPT	Complete	Pca203_chr2_A	3786705	3788001	177.6	153
EOG092R0IPY	Complete	Pca203_chr1_A	82290	83490	263.2	206
EOG092R0IQT	Complete	Pca203_chr3_A	5991189	5992337	172.6	150
EOG092R0IR0	Complete	Pca203_chr10_A	364652	365606	171.0	160
EOG092R0IR4	Complete	Pca203_chr9_A	635802	641872	228.4	172
EOG092R0IRO	Duplicated	Pca203_chr15_A	1156548	1157884	416.7	209
EOG092R0IRO	Duplicated	Pca203_chr15_A	1181396	1182750	416.6	209
EOG092R0ISI	Complete	Pca203_chr8_A	929858	935274	374.4	247
EOG092R0ITD	Complete	Pca203_chr4_A	2870506	2876654	174.3	211
EOG092R0IUN	Complete	Pca203_chr8_A	1583317	1585159	528.1	276
EOG092R0IUS	Complete	Pca203_chr8_A	3667245	3673995	468.7	588
EOG092R0IY1	Complete	Pca203_chr14_A	2815180	2816696	401.7	225
EOG092R0IY8	Complete	Pca203_chr17_A	1893717	1895924	199.9	232
EOG092R0J0M	Complete	Pca203_chr12_A	1277923	1284949	220.7	346
EOG092R0J19	Complete	Pca203_chr12_A	2966053	2967926	285.8	288
EOG092R0J2R	Duplicated	Pca203_chr3_A	5811347	5812326	300.1	183
EOG092R0J2R	Duplicated	Pca203_chr5_A	1525578	1526559	297.7	182
EOG092R0J38	Missing
EOG092R0J3L	Complete	Pca203_chr8_A	3516979	3519065	225.3	198
EOG092R0J4X	Complete	Pca203_chr7_A	768153	769468	278.1	198
EOG092R0J54	Complete	Pca203_chr12_A	2037383	2038713	438.8	239
EOG092R0J7Z	Complete	Pca203_chr2_A	6589963	6590669	233.0	197
EOG092R0JAY	Complete	Pca203_chr13_A	845791	847409	188.0	222
EOG092R0JB8	Duplicated	Pca203_chr17_A	2262972	2264103	344.5	221
EOG092R0JB8	Duplicated	Pca203_chr4_A	47377	48624	309.9	221
EOG092R0JBC	Complete	Pca203_chr7_A	494262	495660	389.3	240
EOG092R0JCZ	Complete	Pca203_chr3_A	6410540	6415788	85.2	154
EOG092R0JF0	Complete	Pca203_chr12_A	209504	210719	314.0	209
EOG092R0JFN	Complete	Pca203_chr14_A	985382	986484	206.6	177
EOG092R0JFS	Duplicated	Pca203_chr5_A	6291225	6292248	161.8	108
EOG092R0JFS	Duplicated	Pca203_chr5_A	6328566	6329589	161.8	108
EOG092R0JGQ	Complete	Pca203_chr18_A	312579	314005	389.2	236
EOG092R0JHD	Complete	Pca203_chr4_A	7359320	7361333	406.2	361
EOG092R0JI2	Complete	Pca203_chr5_A	6457163	6458235	336.5	153
EOG092R0JLJ	Complete	Pca203_chr2_A	4922960	4924284	125.5	132
EOG092R0JMT	Complete	Pca203_chr2_A	4120409	4121931	251.7	268
EOG092R0JO3	Complete	Pca203_chr3_A	3577559	3578782	350.9	242
EOG092R0JOD	Complete	Pca203_chr15_A	1248639	1249613	205.8	195
EOG092R0JOQ	Complete	Pca203_chr5_A	1343673	1345003	271.2	242
EOG092R0JP7	Complete	Pca203_chr4_A	2918443	2920086	409.7	301
EOG092R0JQ5	Missing
EOG092R0JQS	Complete	Pca203_chr3_A	3231025	3233259	273.1	256
EOG092R0JRS	Complete	Pca203_chr3_A	4517962	4522332	230.1	237
EOG092R0JSR	Complete	Pca203_chr3_A	623653	624640	307.3	182
EOG092R0JTZ	Complete	Pca203_chr4_A	3864371	3865722	391.9	240
EOG092R0JVE	Complete	Pca203_chr4_A	4871163	4872794	258.4	170
EOG092R0JVF	Missing
EOG092R0JVI	Complete	Pca203_chr9_A	1641880	1645779	142.7	123
EOG092R0JW1	Missing
EOG092R0JWL	Missing
EOG092R0JWU	Complete	Pca203_chr18_A	398924	400024	168.7	143
EOG092R0JXF	Complete	Pca203_chr10_A	822816	823765	292.6	172
EOG092R0JXG	Complete	Pca203_chr8_A	2858494	2859577	248.8	207
EOG092R0JY0	Complete	Pca203_chr8_A	835348	836811	387.5	337
EOG092R0JYJ	Complete	Pca203_chr2_A	3770327	3772128	250.2	202
EOG092R0JYK	Complete	Pca203_chr5_A	1546022	1547845	474.6	288
EOG092R0JZP	Duplicated	Pca203_chr6_A	2623804	2624886	325.8	197
EOG092R0JZP	Duplicated	Pca203_chr6_A	2646746	2647823	325.8	197
EOG092R0K1D	Complete	Pca203_chr2_A	6520782	6521839	200.1	139
EOG092R0K4F	Complete	Pca203_chr2_A	3529995	3531630	247.9	241
EOG092R0K51	Complete	Pca203_chr15_A	2365376	2366836	424.7	217
EOG092R0K5I	Complete	Pca203_chr2_A	2089266	2097738	140.0	193
EOG092R0K5L	Complete	Pca203_chr1_A	7657457	7658659	246.4	211
EOG092R0K67	Complete	Pca203_chr7_A	1910378	1912010	383.8	249
EOG092R0K6S	Complete	Pca203_chr8_A	6076371	6078126	113.2	196
EOG092R0K73	Complete	Pca203_chr3_A	5921494	5922557	263.7	168
EOG092R0K7F	Complete	Pca203_chr16_A	226858	228358	248.8	256
EOG092R0K7J	Complete	Pca203_chr3_A	6183448	6184306	181.8	166
EOG092R0K82	Complete	Pca203_chr6_A	2329336	2330522	284.2	215
EOG092R0K85	Complete	Pca203_chr4_A	2868118	2870279	267.1	275
EOG092R0K96	Complete	Pca203_chr5_A	5487435	5492060	311.5	447
EOG092R0KA8	Complete	Pca203_chr4_A	4919452	4920333	215.1	190
EOG092R0KAX	Complete	Pca203_chr5_A	2241915	2243184	268.9	175
EOG092R0KB9	Complete	Pca203_chr11_A	3400728	3401846	208.4	136
EOG092R0KCV	Complete	Pca203_chr7_A	4291562	4293001	305.3	215
EOG092R0KDZ	Complete	Pca203_chr18_A	2506621	2507741	428.7	215
EOG092R0KE0	Complete	Pca203_chr12_A	289529	290708	302.3	212
EOG092R0KED	Missing
EOG092R0KF4	Complete	Pca203_chr3_A	3638114	3639195	158.0	155
EOG092R0KH0	Complete	Pca203_chr3_A	589611	590456	141.7	171
EOG092R0KHQ	Complete	Pca203_chr9_A	4219519	4222133	557.3	384
EOG092R0KI1	Complete	Pca203_chr3_A	5987550	5988424	364.7	171
EOG092R0KI5	Complete	Pca203_chr2_A	1293251	1294638	160.4	192
EOG092R0KIU	Complete	Pca203_chr17_A	2007212	2008540	426.3	209
EOG092R0KIX	Complete	Pca203_chr7_A	2647979	2649324	364.3	198
EOG092R0KJJ	Complete	Pca203_chr6_A	392505	394670	268.4	198
EOG092R0KK9	Complete	Pca203_chr16_A	375828	376903	176.8	170
EOG092R0KKU	Complete	Pca203_chr1_A	620202	621653	370.9	192
EOG092R0KL3	Complete	Pca203_chr4_A	131501	137577	182.1	149
EOG092R0KLB	Complete	Pca203_chr1_A	6348991	6350308	392.4	275
EOG092R0KN3	Complete	Pca203_chr7_A	1400674	1406949	223.6	209
EOG092R0KO7	Complete	Pca203_chr5_A	717065	718326	403.9	234
EOG092R0KOB	Complete	Pca203_chr11_A	4088738	4090174	278.5	218
EOG092R0KOW	Complete	Pca203_chr12_A	2250995	2251973	345.5	175
EOG092R0KP0	Complete	Pca203_chr4_A	3993369	3994713	274.7	223
EOG092R0KQA	Complete	Pca203_chr13_A	4662259	4663773	86.3	151
EOG092R0KR3	Complete	Pca203_chr12_A	991800	993125	208.5	141
EOG092R0KRN	Complete	Pca203_chr11_A	2751842	2753395	256.3	173
EOG092R0KRT	Complete	Pca203_chr5_A	2983061	2984153	314.3	196
EOG092R0KS0	Complete	Pca203_chr6_A	769079	770067	183.0	145
EOG092R0KT6	Complete	Pca203_chr10_A	4352501	4353490	240.2	142
EOG092R0KW0	Complete	Pca203_chr3_A	4291316	4292613	182.3	193
EOG092R0KXT	Complete	Pca203_chr4_A	794836	796026	231.9	168
EOG092R0KXW	Complete	Pca203_chr15_A	722783	728887	319.4	175
EOG092R0KYN	Complete	Pca203_chr6_A	458634	459899	247.4	188
EOG092R0KZK	Complete	Pca203_chr10_A	2659030	2660001	363.8	162
EOG092R0L04	Complete	Pca203_chr12_A	1311778	1314219	222.8	315
EOG092R0L0R	Missing
EOG092R0L1J	Complete	Pca203_chr7_A	1964228	1965884	400.1	194
EOG092R0L1O	Complete	Pca203_chr11_A	5120915	5122396	245.7	228
EOG092R0L2H	Fragmented	Pca203_chr7_A	1781992	1788763	215.5	287
EOG092R0L3B	Complete	Pca203_chr15_A	3545322	3551240	136.7	188
EOG092R0L3D	Complete	Pca203_chr1_A	862418	863263	324.2	227
EOG092R0L43	Complete	Pca203_chr14_A	1324619	1335924	99.7	237
EOG092R0L57	Complete	Pca203_chr9_A	5472466	5478898	118.1	208
EOG092R0L76	Complete	Pca203_chr5_A	2191463	2192636	410.2	189
EOG092R0L95	Complete	Pca203_chr16_A	54713	56454	343.6	197
EOG092R0L9D	Complete	Pca203_chr16_A	44689	46577	302.0	217
EOG092R0LAR	Duplicated	Pca203_chr16_A	2211828	2213811	391.7	280
EOG092R0LAR	Duplicated	Pca203_chr16_A	2226326	2228310	391.7	280
EOG092R0LEB	Missing
EOG092R0LEP	Duplicated	Pca203_chr10_A	4594842	4595941	411.0	219
EOG092R0LEP	Duplicated	Pca203_chr10_A	4634696	4635795	411.0	219
EOG092R0LEP	Duplicated	Pca203_chr1_A	6497581	6498680	411.0	219
EOG092R0LIS	Complete	Pca203_chr15_A	3331490	3336501	501.7	375
EOG092R0LJB	Complete	Pca203_chr7_A	3032112	3032905	192.7	137
EOG092R0LJS	Complete	Pca203_chr6_A	1694561	1705417	235.9	152
EOG092R0LLW	Complete	Pca203_chr16_A	4145718	4146801	339.5	185
EOG092R0LOV	Complete	Pca203_chr2_A	1499397	1500224	202.0	149
EOG092R0LP1	Complete	Pca203_chr8_A	1047135	1049495	354.6	353
EOG092R0LPA	Complete	Pca203_chr5_A	5932181	5933331	341.6	184
EOG092R0LQ1	Complete	Pca203_chr5_A	1741842	1742892	307.7	177
EOG092R0LSC	Complete	Pca203_chr11_A	4798161	4799288	294.7	185
EOG092R0LT9	Fragmented	Pca203_chr1_A	4012655	4018882	267.6	127
EOG092R0LTJ	Complete	Pca203_chr5_A	4919868	4922498	206.6	302
EOG092R0LTN	Complete	Pca203_chr4_A	3885421	3886381	178.6	140
EOG092R0LTO	Missing
EOG092R0LUS	Complete	Pca203_chr8_A	5149006	5151436	84.7	127
EOG092R0LVW	Complete	Pca203_chr1_A	1043420	1044378	216.0	159
EOG092R0LW2	Complete	Pca203_chr8_A	3582903	3585150	289.6	283
EOG092R0LW9	Complete	Pca203_chr4_A	4959648	4960650	216.2	141
EOG092R0LY7	Missing
EOG092R0LYG	Complete	Pca203_chr13_A	1114440	1115883	197.5	158
EOG092R0LZX	Complete	Pca203_chr18_A	1085540	1086964	213.3	247
EOG092R0M21	Complete	Pca203_chr6_A	3699194	3700765	240.7	186
EOG092R0M3R	Complete	Pca203_chr9_A	5661592	5663507	337.1	217
EOG092R0M42	Complete	Pca203_chr12_A	2525412	2526573	461.9	232
EOG092R0M5K	Complete	Pca203_chr12_A	1928006	1929100	187.1	190
EOG092R0M60	Complete	Pca203_chr15_A	650667	651788	369.9	201
EOG092R0M62	Complete	Pca203_chr3_A	6850384	6852144	199.6	211
EOG092R0M8R	Complete	Pca203_chr18_A	626017	632177	37.3	105
EOG092R0M9E	Complete	Pca203_chr1_A	2478751	2479790	333.2	177
EOG092R0M9J	Complete	Pca203_chr1_A	1418514	1419710	211.2	138
EOG092R0MAA	Duplicated	Pca203_chr18_A	3264238	3265560	307.3	157
EOG092R0MAA	Duplicated	Pca203_chr18_A	3292103	3293425	306.4	157
EOG092R0MAC	Complete	Pca203_chr9_A	3622495	3624564	240.6	252
EOG092R0MAZ	Complete	Pca203_chr3_A	2511024	2512294	223.6	188
EOG092R0MBH	Duplicated	Pca203_chr8_A	3347785	3349619	276.6	219
EOG092R0MBH	Duplicated	Pca203_chr8_A	3397568	3399401	276.6	219
EOG092R0MDW	Complete	Pca203_chr5_A	6563317	6564646	238.7	163
EOG092R0MEM	Complete	Pca203_chr17_A	966856	968339	271.2	239
EOG092R0MFG	Complete	Pca203_chr12_A	1740664	1741734	225.0	164
EOG092R0MGP	Complete	Pca203_chr15_A	1081036	1082479	196.9	142
EOG092R0MGX	Complete	Pca203_chr3_A	296906	298974	321.5	262
EOG092R0MJ9	Missing
EOG092R0MJK	Complete	Pca203_chr11_A	2976124	2977033	342.2	180
EOG092R0MJU	Complete	Pca203_chr13_A	341779	342631	167.7	127
EOG092R0MKD	Missing
EOG092R0MLD	Complete	Pca203_chr18_A	314563	316118	182.6	149
EOG092R0MMA	Complete	Pca203_chr4_A	7359320	7363896	225.8	167
EOG092R0MMV	Complete	Pca203_chr18_A	657084	658130	335.6	179
EOG092R0MO6	Complete	Pca203_chr2_A	2060403	2061639	257.7	157
EOG092R0MO9	Complete	Pca203_chr3_A	787432	795912	319.0	205
EOG092R0MQD	Complete	Pca203_chr1_A	7243774	7244736	286.2	202
EOG092R0MRI	Complete	Pca203_chr14_A	707649	708792	245.5	125
EOG092R0MRQ	Complete	Pca203_chr15_A	1250872	1251693	108.9	172
EOG092R0MSR	Complete	Pca203_chr13_A	149628	151289	131.6	129
EOG092R0MU5	Duplicated	Pca203_chr13_A	1197133	1199412	226.3	189
EOG092R0MU5	Duplicated	Pca203_chr13_A	1219404	1221684	226.3	189
EOG092R0MUQ	Fragmented	Pca203_chr6_A	2252839	2258837	367.3	172
EOG092R0MWE	Complete	Pca203_chr9_A	5779823	5781222	194.2	231
EOG092R0MWK	Duplicated	Pca203_chr1_A	6977097	6977928	183.6	174
EOG092R0MWK	Duplicated	Pca203_chr1_A	7022721	7023552	183.6	174
EOG092R0MWX	Complete	Pca203_chr2_A	4525308	4526644	255.8	194
EOG092R0MXM	Complete	Pca203_chr12_A	595708	596797	124.9	126
EOG092R0MXX	Complete	Pca203_chr4_A	881931	882636	217.2	151
EOG092R0MYJ	Complete	Pca203_chr12_A	3137924	3139153	350.8	160
EOG092R0MZJ	Complete	Pca203_chr1_A	6346103	6348281	385.3	329
EOG092R0MZO	Complete	Pca203_chr3_A	3022304	3023263	127.7	90
EOG092R0N1R	Complete	Pca203_chr4_A	7330092	7330869	340.6	170
EOG092R0N2B	Complete	Pca203_chr8_A	4060937	4064886	74.8	149
EOG092R0N2X	Complete	Pca203_chr5_A	6677034	6678238	140.3	199
EOG092R0N34	Duplicated	Pca203_chr6_A	1973446	1974320	246.5	162
EOG092R0N34	Duplicated	Pca203_chr6_A	1997750	1998624	246.5	162
EOG092R0N37	Complete	Pca203_chr3_A	6903167	6904202	246.5	168
EOG092R0N3K	Complete	Pca203_chr10_A	1834969	1836283	231.3	130
EOG092R0N3P	Complete	Pca203_chr4_A	6537700	6538798	240.4	184
EOG092R0N43	Missing
EOG092R0N4K	Complete	Pca203_chr2_A	87898	89396	302.2	209
EOG092R0N57	Complete	Pca203_chr3_A	3101131	3102643	225.9	302
EOG092R0N6R	Complete	Pca203_chr3_A	6176791	6178168	418.7	228
EOG092R0N6Y	Complete	Pca203_chr6_A	2084427	2085319	272.0	168
EOG092R0N7A	Complete	Pca203_chr8_A	3913465	3914364	295.6	156
EOG092R0N8E	Complete	Pca203_chr3_A	605746	606664	288.6	190
EOG092R0N94	Fragmented	Pca203_chr6_A	2054882	2061053	154.1	100
EOG092R0N98	Complete	Pca203_chr9_A	5833487	5834568	216.5	138
EOG092R0NAG	Complete	Pca203_chr12_A	4797383	4798567	202.0	172
EOG092R0NAJ	Complete	Pca203_chr14_A	603215	605034	211.7	156
EOG092R0NAM	Complete	Pca203_chr1_A	5688546	5690118	274.9	234
EOG092R0NC7	Complete	Pca203_chr12_A	1377740	1378561	128.4	113
EOG092R0NCM	Complete	Pca203_chr2_A	373739	374708	177.5	158
EOG092R0NCS	Duplicated	Pca203_chr8_A	3594653	3595843	288.9	249
EOG092R0NCS	Duplicated	Pca203_chr9_A	163717	165054	288.5	243
EOG092R0NED	Complete	Pca203_chr9_A	970891	972707	178.8	144
EOG092R0NF1	Complete	Pca203_chr1_A	3352944	3354061	336.1	184
EOG092R0NFZ	Complete	Pca203_chr18_A	950409	951462	280.5	164
EOG092R0NGS	Complete	Pca203_chr8_A	1095009	1096060	264.6	165
EOG092R0NHF	Complete	Pca203_chr7_A	1921816	1923215	282.5	219
EOG092R0NHH	Complete	Pca203_chr1_A	456285	457680	245.8	163
EOG092R0NIR	Complete	Pca203_chr17_A	515392	516374	272.6	181
EOG092R0NJ2	Complete	Pca203_chr7_A	3304096	3305324	163.7	147
EOG092R0NJW	Complete	Pca203_chr8_A	2409097	2414280	202.7	184
EOG092R0NKU	Complete	Pca203_chr8_A	2116188	2117490	254.8	170
EOG092R0NL4	Missing
EOG092R0NL5	Complete	Pca203_chr1_A	7114257	7115232	212.3	160
EOG092R0NL8	Complete	Pca203_chr3_A	3780666	3781651	176.1	155
EOG092R0NLE	Duplicated	Pca203_chr10_A	4138337	4139560	171.5	134
EOG092R0NLE	Duplicated	Pca203_chr10_A	4167544	4168768	171.5	134
EOG092R0NLS	Complete	Pca203_chr1_A	2962904	2964203	239.8	170
EOG092R0NLZ	Complete	Pca203_chr4_A	806409	807248	130.2	109
EOG092R0NNF	Complete	Pca203_chr5_A	846537	847771	207.5	162
EOG092R0NNM	Complete	Pca203_chr1_A	3676423	3678191	206.3	184
EOG092R0NOG	Complete	Pca203_chr4_A	7508653	7509544	328.9	161
EOG092R0NPD	Complete	Pca203_chr5_A	283487	285563	396.2	284
EOG092R0NQ0	Complete	Pca203_chr17_A	2002356	2003774	221.5	134
EOG092R0NQO	Complete	Pca203_chr13_A	282724	283642	123.4	153
EOG092R0NSH	Complete	Pca203_chr18_A	1024947	1026051	295.3	171
EOG092R0NUQ	Complete	Pca203_chr11_A	2928296	2929521	256.9	142
EOG092R0NWK	Complete	Pca203_chr5_A	3700728	3702043	249.4	136
EOG092R0NWY	Complete	Pca203_chr15_A	1783175	1784747	218.0	222
EOG092R0NX5	Complete	Pca203_chr2_A	2199690	2200610	310.0	166
EOG092R0NY4	Complete	Pca203_chr11_A	5273799	5274811	266.8	138
EOG092R0NYP	Complete	Pca203_chr7_A	3280934	3282045	154.8	166
EOG092R0NZ8	Complete	Pca203_chr10_A	2948349	2949138	213.3	136
EOG092R0O02	Complete	Pca203_chr11_A	53971	55089	242.3	158
EOG092R0O2S	Complete	Pca203_chr8_A	3148178	3157636	166.0	299
EOG092R0O4D	Complete	Pca203_chr13_A	2044464	2045858	224.8	179
EOG092R0O53	Complete	Pca203_chr1_A	5142126	5143113	223.1	156
EOG092R0O57	Complete	Pca203_chr2_A	6080302	6081382	153.7	108
EOG092R0O5N	Complete	Pca203_chr8_A	2462150	2463315	243.7	127
EOG092R0O72	Complete	Pca203_chr9_A	4837239	4838166	180.9	132
EOG092R0O8O	Complete	Pca203_chr14_A	748757	749697	205.6	137
EOG092R0O9O	Complete	Pca203_chr9_A	1805255	1806264	263.8	145
EOG092R0OBL	Complete	Pca203_chr5_A	643232	649041	83.1	71
EOG092R0OBY	Complete	Pca203_chr11_A	3544392	3545353	85.5	88
EOG092R0OCP	Complete	Pca203_chr7_A	430493	431448	211.6	139
EOG092R0OCV	Complete	Pca203_chr9_A	3086401	3087182	95.2	104
EOG092R0OD6	Complete	Pca203_chr14_A	335617	337198	170.0	157
EOG092R0ODM	Complete	Pca203_chr1_A	954896	955969	243.0	193
EOG092R0OEO	Complete	Pca203_chr1_A	5346591	5347794	268.2	177
EOG092R0OF7	Complete	Pca203_chr5_A	955544	966578	141.8	235
EOG092R0OFL	Complete	Pca203_chr5_A	194697	195727	266.5	206
EOG092R0OGR	Complete	Pca203_chr16_A	1615584	1616717	229.9	211
EOG092R0OHG	Complete	Pca203_chr4_A	2191878	2193434	213.3	118
EOG092R0OK7	Complete	Pca203_chr12_A	242877	244478	282.2	280
EOG092R0OKA	Complete	Pca203_chr7_A	2569833	2570621	319.4	152
EOG092R0OL6	Complete	Pca203_chr16_A	277667	279495	262.4	285
EOG092R0OLS	Complete	Pca203_chr5_A	1213939	1214772	250.1	130
EOG092R0OMN	Complete	Pca203_chr11_A	1926165	1926972	76.3	56
EOG092R0ON1	Complete	Pca203_chr8_A	4498856	4499846	206.0	126
EOG092R0ON6	Complete	Pca203_chr3_A	5989175	5995248	195.9	317
EOG092R0OPE	Complete	Pca203_chr7_A	1424903	1425896	277.1	161
EOG092R0OPW	Complete	Pca203_chr2_A	330348	331275	224.9	164
EOG092R0ORA	Complete	Pca203_chr8_A	3142733	3143646	172.0	112
EOG092R0OS3	Missing
EOG092R0OSC	Complete	Pca203_chr2_A	1048241	1050987	92.6	124
EOG092R0OSR	Complete	Pca203_chr4_A	5915161	5915899	175.2	143
EOG092R0OTM	Complete	Pca203_chr14_A	1581838	1582865	183.3	115
EOG092R0OU7	Complete	Pca203_chr5_A	3902765	3903744	231.5	153
EOG092R0OV8	Complete	Pca203_chr17_A	315516	317513	157.4	261
EOG092R0OWP	Complete	Pca203_chr1_A	3122918	3124046	318.4	291
EOG092R0OX3	Complete	Pca203_chr3_A	6221471	6222404	300.2	140
EOG092R0OXH	Complete	Pca203_chr2_A	4531361	4533102	211.3	140
EOG092R0OY2	Complete	Pca203_chr2_A	2934942	2935730	182.2	84
EOG092R0OYG	Complete	Pca203_chr10_A	1491378	1492159	264.7	117
EOG092R0OYT	Complete	Pca203_chr6_A	711507	712577	190.6	127
EOG092R0OZ3	Complete	Pca203_chr11_A	2203835	2204626	254.0	127
EOG092R0OZA	Complete	Pca203_chr7_A	3278088	3280124	114.5	102
EOG092R0P02	Complete	Pca203_chr1_A	6075360	6076117	227.1	155
EOG092R0P0G	Duplicated	Pca203_chr3_A	1293919	1294951	193.8	117
EOG092R0P0G	Duplicated	Pca203_chr3_A	1325558	1326347	209.3	122
EOG092R0P1X	Complete	Pca203_chr14_A	3355003	3356132	230.1	171
EOG092R0P2W	Complete	Pca203_chr7_A	711652	712786	150.4	188
EOG092R0P3V	Complete	Pca203_chr7_A	1215573	1216466	276.5	158
EOG092R0P4A	Complete	Pca203_chr11_A	2202598	2203450	325.2	182
EOG092R0P94	Complete	Pca203_chr4_A	7510044	7510677	278.3	150
EOG092R0P9N	Duplicated	Pca203_chr1_A	3799541	3800133	111.8	69
EOG092R0P9N	Duplicated	Pca203_chr3_A	3180933	3181527	111.8	69
EOG092R0PCW	Complete	Pca203_chr8_A	2620248	2621013	280.6	144
EOG092R0PDZ	Complete	Pca203_chr2_A	6334721	6335400	229.7	128
EOG092R0PFK	Complete	Pca203_chr12_A	4501498	4505218	172.6	304
EOG092R0PG4	Complete	Pca203_chr9_A	4225329	4226890	293.1	146
EOG092R0PHD	Complete	Pca203_chr1_A	7558800	7560092	182.1	167
EOG092R0PI7	Complete	Pca203_chr5_A	6050381	6052702	135.3	149
EOG092R0PJV	Complete	Pca203_chr13_A	5178834	5179500	159.9	129
EOG092R0PLB	Complete	Pca203_chr10_A	5106140	5106728	151.1	80
EOG092R0PM2	Complete	Pca203_chr16_A	959577	960262	249.9	142
EOG092R0POC	Complete	Pca203_chr4_A	2792614	2793280	220.1	124
EOG092R0POK	Missing
EOG092R0PP6	Complete	Pca203_chr16_A	3715873	3717327	106.7	238
EOG092R0PRT	Complete	Pca203_chr4_A	870836	871596	231.4	127
EOG092R0PS1	Complete	Pca203_chr5_A	6431774	6433323	171.5	208
EOG092R0PSF	Complete	Pca203_chr17_A	2434220	2435286	208.2	151
EOG092R0PTM	Complete	Pca203_chr4_A	4962989	4963750	148.4	97
EOG092R0PUB	Complete	Pca203_chr18_A	1616502	1617410	217.1	150
EOG092R0PV2	Complete	Pca203_chr10_A	4787578	4790755	416.2	475
EOG092R0PW1	Complete	Pca203_chr4_A	968572	969464	99.6	87
EOG092R0PX3	Complete	Pca203_chr4_A	4960860	4961785	164.5	73
EOG092R0PY9	Complete	Pca203_chr7_A	4609813	4611671	254.1	146
EOG092R0PZ7	Complete	Pca203_chr5_A	3488989	3491926	138.8	106
EOG092R0Q0D	Complete	Pca203_chr15_A	3919788	3921006	305.1	205
EOG092R0Q27	Complete	Pca203_chr12_A	402075	403624	216.7	228
EOG092R0Q2F	Complete	Pca203_chr14_A	3401351	3402347	278.5	140
EOG092R0Q2I	Duplicated	Pca203_chr11_A	619817	620464	133.7	81
EOG092R0Q2I	Duplicated	Pca203_chr18_A	1781157	1781850	117.7	80
EOG092R0Q2I	Duplicated	Pca203_chr2_A	6152359	6152939	133.7	81
EOG092R0Q3E	Complete	Pca203_chr11_A	5373517	5374628	211.9	178
EOG092R0Q42	Complete	Pca203_chr9_A	5614089	5642393	664.3	581
EOG092R0Q48	Complete	Pca203_chr1_A	555409	556012	230.2	121
EOG092R0Q53	Complete	Pca203_chr6_A	5111535	5112357	256.0	158
EOG092R0Q6A	Complete	Pca203_chr10_A	5383074	5384121	161.2	116
EOG092R0QBJ	Complete	Pca203_chr12_A	1295236	1296347	198.3	127
EOG092R0QDF	Complete	Pca203_chr8_A	4947604	4948247	246.1	121
EOG092R0QDM	Complete	Pca203_chr4_A	4920549	4922437	138.7	102
EOG092R0QEF	Complete	Pca203_chr6_A	1239607	1241261	249.9	186
EOG092R0QEI	Complete	Pca203_chr1_A	3975494	3976198	162.6	112
EOG092R0QEP	Complete	Pca203_chr8_A	5256156	5256790	142.6	104
EOG092R0QFH	Complete	Pca203_chr8_A	4946434	4947182	211.3	115
EOG092R0QFT	Missing
EOG092R0QHV	Duplicated	Pca203_chr3_A	6338893	6339530	177.6	111
EOG092R0QHV	Duplicated	Pca203_chr3_A	6340077	6340714	177.7	112
EOG092R0QK3	Complete	Pca203_chr3_A	1332770	1333401	139.2	102
EOG092R0QL1	Complete	Pca203_chr13_A	5165410	5166228	173.0	117
EOG092R0QLK	Complete	Pca203_chr9_A	3620125	3620678	135.6	98
EOG092R0QMM	Missing
EOG092R0QTB	Complete	Pca203_chr1_A	1288376	1289524	254.1	152
EOG092R0QTE	Complete	Pca203_chr18_A	238641	242735	91.4	102
EOG092R0QU9	Complete	Pca203_chr4_A	1757137	1758408	215.6	251
EOG092R0QZ2	Complete	Pca203_chr1_A	7058366	7058943	182.3	97
EOG092R0QZP	Complete	Pca203_chr2_A	4556006	4556998	152.4	79
EOG092R0QZV	Complete	Pca203_chr6_A	1758962	1759612	194.0	110
EOG092R0R5K	Complete	Pca203_chr13_A	1949233	1949696	234.0	120
EOG092R0R64	Complete	Pca203_chr1_A	5332660	5334898	164.5	93
EOG092R0R6X	Missing
EOG092R0R7X	Complete	Pca203_chr10_A	489097	489886	178.8	109
EOG092R0R8A	Complete	Pca203_chr18_A	1027866	1029366	356.2	350
EOG092R0R9X	Duplicated	Pca203_chr5_A	3192663	3193199	101.0	83
EOG092R0R9X	Duplicated	Pca203_chr5_A	3217479	3218015	101.0	83
EOG092R0RAU	Complete	Pca203_chr16_A	2611396	2612132	105.2	92
EOG092R0RCZ	Complete	Pca203_chr12_A	4619932	4620860	260.0	130
EOG092R0RE8	Complete	Pca203_chr2_A	6153674	6155000	196.7	150
EOG092R0RF0	Complete	Pca203_chr9_A	4892291	4894282	139.4	151
EOG092R0RFG	Complete	Pca203_chr1_A	50848	51462	183.1	104
EOG092R0RHJ	Complete	Pca203_chr5_A	4156221	4156941	174.8	101
EOG092R0RJ1	Complete	Pca203_chr15_A	4023028	4028522	87.3	81
EOG092R0RKF	Complete	Pca203_chr4_A	6582056	6582726	127.4	102
EOG092R0RQ8	Complete	Pca203_chr12_A	1348056	1349213	163.0	137
EOG092R0RRQ	Complete	Pca203_chr2_A	461314	461889	166.7	96
EOG092R0RRV	Complete	Pca203_chr16_A	3614982	3615759	99.5	87
EOG092R0RU6	Complete	Pca203_chr13_A	205325	206063	183.6	99
EOG092R0RUI	Complete	Pca203_chr14_A	1056730	1057365	178.4	102
EOG092R0RWL	Complete	Pca203_chr14_A	1091341	1091950	280.7	133
EOG092R0RYU	Complete	Pca203_chr14_A	2230800	2231839	173.8	144
EOG092R0S3G	Complete	Pca203_chr1_A	2079495	2080377	209.4	124
EOG092R0S60	Complete	Pca203_chr12_A	2039161	2040007	136.5	77
EOG092R0S9A	Missing
EOG092R0SCK	Missing
EOG092R0SDT	Complete	Pca203_chr14_A	3400484	3401090	154.5	82
EOG092R0SE7	Complete	Pca203_chr2_A	5364577	5365282	123.9	69
EOG092R0SH7	Complete	Pca203_chr8_A	2439063	2439755	200.9	107
EOG092R0SHK	Complete	Pca203_chr10_A	3117213	3117843	132.5	74
EOG092R0SLY	Complete	Pca203_chr8_A	5913212	5916978	194.1	167
EOG092R0SNN	Complete	Pca203_chr14_A	308843	309658	140.6	96
EOG092R0STQ	Complete	Pca203_chr1_A	7557589	7558453	75.2	63
EOG092R0SVK	Complete	Pca203_chr9_A	1659488	1660022	121.3	91
EOG092R0T9R	Complete	Pca203_chr2_A	6408772	6409292	171.0	83
EOG092R0TG6	Complete	Pca203_chr6_A	3226848	3227281	130.5	63
