EOG092R000C	Complete	chr10_A_Pgt	400202	407812	1623.0	1672
EOG092R000I	Complete	chr4_A_Pgt	840360	857711	2748.0	2371
EOG092R002M	Complete	chr10_A_Pgt	2687401	2693848	1564.9	1490
EOG092R002N	Complete	chr17_A_Pgt	267842	276216	1547.9	1373
EOG092R002P	Complete	chr14_A_Pgt	339140	347104	3194.1	1809
EOG092R002R	Complete	chr1_A_Pgt	1174713	1188713	2299.1	1983
EOG092R0036	Complete	chr1_A_Pgt	2838458	2845168	1061.6	1029
EOG092R0037	Complete	chr2_A_Pgt	2446390	2454206	3349.5	1862
EOG092R003W	Complete	chr4_A_Pgt	952970	960866	1233.6	1402
EOG092R003Y	Complete	chr2_A_Pgt	1429995	1437326	1531.4	1308
EOG092R004L	Complete	chr1_A_Pgt	5947303	5954654	3067.8	1880
EOG092R005X	Complete	chr16_A_Pgt	2685807	2690049	1464.9	913
EOG092R0065	Complete	chr1_A_Pgt	5058173	5065008	455.3	406
EOG092R006C	Complete	chr18_A_Pgt	2566071	2582441	1880.1	1617
EOG092R007J	Complete	chr18_A_Pgt	2779870	2787883	732.7	472
EOG092R0089	Complete	chr11_A_Pgt	1814191	1820195	2937.5	1524
EOG092R008D	Complete	chr3_A_Pgt	106170	111084	896.7	829
EOG092R009A	Complete	chr15_A_Pgt	1473769	1481375	2199.5	1350
EOG092R009I	Complete	chr8_A_Pgt	2754199	2760159	1944.2	1313
EOG092R00AR	Complete	chr9_A_Pgt	4673319	4680600	1807.3	1486
EOG092R00BP	Complete	chr14_A_Pgt	3269871	3276267	1480.3	1160
EOG092R00D3	Complete	chr8_A_Pgt	4171662	4183691	1412.6	817
EOG092R00DU	Complete	chr15_A_Pgt	3233941	3241139	1452.4	1275
EOG092R00E1	Complete	chr2_A_Pgt	5903418	5910749	951.3	1004
EOG092R00GS	Complete	chr6_A_Pgt	794996	799276	712.0	618
EOG092R00H5	Complete	chr10_A_Pgt	3888276	3895245	1522.0	993
EOG092R00H7	Complete	chr3_A_Pgt	3713270	3717869	1170.6	786
EOG092R00HC	Complete	chr13_A_Pgt	3265572	3270117	1648.8	1116
EOG092R00HK	Complete	chr10_A_Pgt	167579	173205	1245.0	1103
EOG092R00HN	Complete	chr9_A_Pgt	3943352	3954312	876.6	867
EOG092R00IN	Fragmented	chr9_A_Pgt	1859934	1869731	924.6	663
EOG092R00IT	Complete	chr14_A_Pgt	2061656	2070282	1077.4	966
EOG092R00JG	Complete	chr10_A_Pgt	2591154	2594848	553.2	429
EOG092R00K3	Complete	chr11_A_Pgt	4294631	4299904	579.8	811
EOG092R00K7	Complete	chr5_A_Pgt	1950044	1959278	480.4	678
EOG092R00KS	Complete	chr15_A_Pgt	833076	837308	1576.7	1055
EOG092R00LO	Complete	chr2_A_Pgt	4370456	4377980	941.3	1543
EOG092R00LR	Complete	chr17_A_Pgt	2557714	2562609	1734.8	1079
EOG092R00LZ	Complete	chr1_A_Pgt	6012292	6016813	1538.8	962
EOG092R00MF	Complete	chr9_A_Pgt	3813750	3831167	949.9	1472
EOG092R00MU	Complete	chr4_A_Pgt	1446699	1451170	1305.2	912
EOG092R00N4	Complete	chr1_A_Pgt	1361949	1369450	1224.2	977
EOG092R00NJ	Complete	chr4_A_Pgt	2744725	2749423	1996.3	1021
EOG092R00NQ	Complete	chr9_A_Pgt	3837842	3843192	1103.0	864
EOG092R00O2	Complete	chr1_A_Pgt	316915	320185	521.7	484
EOG092R00OU	Complete	chr16_A_Pgt	1898540	1903749	565.9	630
EOG092R00QB	Complete	chr2_A_Pgt	3640656	3645437	2119.7	1074
EOG092R00QP	Complete	chr7_A_Pgt	157451	162286	1500.8	946
EOG092R00QR	Complete	chr5_A_Pgt	2919755	2924461	1324.8	859
EOG092R00QT	Complete	chr7_A_Pgt	3025978	3031029	1335.3	923
EOG092R00RF	Complete	chr18_A_Pgt	104444	116885	819.1	635
EOG092R00RR	Fragmented	chr1_A_Pgt	5348628	5358714	363.3	318
EOG092R00TL	Complete	chr9_A_Pgt	2513871	2519907	1499.3	1089
EOG092R00TN	Complete	chr11_A_Pgt	1848822	1855291	1103.8	1140
EOG092R00TW	Complete	chr4_A_Pgt	489311	494606	983.4	834
EOG092R00U5	Complete	chr12_A_Pgt	768888	773125	1796.6	958
EOG092R00UA	Complete	chr12_A_Pgt	1758500	1768571	691.6	808
EOG092R00UP	Complete	chr9_A_Pgt	427648	432869	1902.6	1002
EOG092R00V6	Complete	chr12_A_Pgt	252498	256999	1026.5	791
EOG092R00VH	Complete	chr12_A_Pgt	3216524	3223434	1383.7	1023
EOG092R00VP	Complete	chr11_A_Pgt	677891	683063	460.8	765
EOG092R00VV	Complete	chr1_A_Pgt	4331287	4338287	491.8	1329
EOG092R00WG	Complete	chr18_A_Pgt	1733955	1739607	714.8	771
EOG092R00XS	Complete	chr7_A_Pgt	1004503	1009325	933.8	958
EOG092R00XY	Complete	chr7_A_Pgt	1432776	1438293	703.4	711
EOG092R00YY	Complete	chr12_A_Pgt	1905276	1909956	1790.9	927
EOG092R00ZY	Complete	chr14_A_Pgt	247388	252056	645.5	1023
EOG092R0100	Complete	chr8_A_Pgt	2096025	2099088	810.1	532
EOG092R0104	Complete	chr12_A_Pgt	2169513	2174803	821.0	866
EOG092R0112	Complete	chr15_A_Pgt	3118850	3123465	1490.5	848
EOG092R0115	Complete	chr3_A_Pgt	1068825	1073265	985.9	753
EOG092R011X	Complete	chr16_A_Pgt	1381459	1383249	521.9	377
EOG092R011Y	Complete	chr7_A_Pgt	3349591	3356193	1408.4	1214
EOG092R0120	Complete	chr15_A_Pgt	71942	79602	1341.2	1572
EOG092R013F	Complete	chr9_A_Pgt	2447847	2460224	289.9	431
EOG092R013M	Complete	chr3_A_Pgt	355632	365527	1732.2	1009
EOG092R0145	Complete	chr10_A_Pgt	1356080	1359826	567.2	414
EOG092R0149	Complete	chr4_A_Pgt	1762684	1766313	344.7	569
EOG092R014B	Complete	chr2_A_Pgt	2994068	2997748	444.4	589
EOG092R014H	Complete	chr3_A_Pgt	5469046	5473881	1703.9	943
EOG092R014P	Complete	chr10_A_Pgt	4501823	4506511	893.9	872
EOG092R015U	Complete	chr11_A_Pgt	602258	606218	768.1	737
EOG092R016F	Complete	chr4_A_Pgt	2484052	2495116	1168.3	1058
EOG092R0171	Complete	chr9_A_Pgt	1916470	1921126	1615.2	866
EOG092R0185	Fragmented	chr2_A_Pgt	1615637	1625352	470.3	622
EOG092R018U	Complete	chr11_A_Pgt	1255621	1262904	957.9	1041
EOG092R0193	Complete	chr15_A_Pgt	318477	321208	659.9	562
EOG092R01AJ	Complete	chr5_A_Pgt	2358731	2364984	1258.0	766
EOG092R01AN	Complete	chr1_A_Pgt	5612066	5618725	1428.1	1064
EOG092R01B4	Complete	chr3_A_Pgt	4683169	4687012	1628.3	878
EOG092R01B7	Complete	chr13_A_Pgt	161824	165652	1459.4	829
EOG092R01BL	Complete	chr3_A_Pgt	1023360	1025819	638.6	347
EOG092R01BN	Complete	chr9_A_Pgt	407599	411355	829.7	674
EOG092R01BO	Complete	chr1_A_Pgt	3657703	3662096	910.1	698
EOG092R01C1	Complete	chr1_A_Pgt	4134971	4142654	919.3	931
EOG092R01C6	Complete	chr6_A_Pgt	4225792	4230464	745.9	564
EOG092R01DK	Complete	chr3_A_Pgt	5728539	5737795	468.4	523
EOG092R01DL	Complete	chr2_A_Pgt	5143063	5150694	404.7	778
EOG092R01DU	Complete	chr2_A_Pgt	5341446	5344254	868.9	619
EOG092R01DY	Complete	chr18_A_Pgt	480184	489312	565.1	574
EOG092R01E1	Complete	chr8_A_Pgt	5055016	5059996	701.2	625
EOG092R01E2	Complete	chr3_A_Pgt	4351888	4356577	438.6	478
EOG092R01EF	Complete	chr4_A_Pgt	1700945	1705198	935.5	662
EOG092R01EV	Complete	chr11_A_Pgt	1035290	1040586	1630.2	906
EOG092R01F3	Complete	chr12_A_Pgt	2360437	2364233	1362.7	784
EOG092R01F5	Complete	chr17_A_Pgt	2182889	2187104	725.8	608
EOG092R01GK	Complete	chr2_A_Pgt	3986023	3990481	1365.5	837
EOG092R01GN	Complete	chr1_A_Pgt	2457750	2462298	1477.2	837
EOG092R01GW	Complete	chr3_A_Pgt	233086	237703	734.8	767
EOG092R01HD	Complete	chr2_A_Pgt	4120873	4125094	1340.5	755
EOG092R01J4	Complete	chr7_A_Pgt	86133	89897	1540.0	862
EOG092R01J5	Complete	chr3_A_Pgt	5903438	5908792	377.1	623
EOG092R01JP	Complete	chr7_A_Pgt	4844210	4847959	1552.6	850
EOG092R01JW	Complete	chr6_A_Pgt	4741438	4746157	657.1	660
EOG092R01JZ	Complete	chr4_A_Pgt	907535	911979	1539.8	909
EOG092R01KC	Complete	chr16_A_Pgt	432052	436212	1312.7	760
EOG092R01KK	Complete	chr1_A_Pgt	2126851	2136364	1331.3	816
EOG092R01KM	Missing
EOG092R01KV	Complete	chr11_A_Pgt	649090	652623	670.0	539
EOG092R01KY	Complete	chr10_A_Pgt	317623	322270	960.1	760
EOG092R01L3	Complete	chr6_A_Pgt	966305	972544	825.5	885
EOG092R01M0	Complete	chr5_A_Pgt	692837	696774	918.9	656
EOG092R01MB	Complete	chr2_A_Pgt	1023277	1030820	189.9	274
EOG092R01MR	Complete	chr2_A_Pgt	4238565	4242590	585.0	480
EOG092R01NO	Complete	chr2_A_Pgt	5976912	5981457	887.7	739
EOG092R01O5	Complete	chr14_A_Pgt	2571234	2574998	618.2	648
EOG092R01PA	Complete	chr8_A_Pgt	247451	251467	410.4	351
EOG092R01Q7	Complete	chr10_A_Pgt	4523223	4526844	978.2	740
EOG092R01Q9	Complete	chr17_A_Pgt	2334723	2341553	243.1	680
EOG092R01QZ	Complete	chr5_A_Pgt	718356	722193	1184.0	795
EOG092R01S5	Complete	chr16_A_Pgt	504535	508969	751.2	871
EOG092R01S6	Complete	chr6_A_Pgt	289106	293193	486.8	525
EOG092R01SG	Complete	chr1_A_Pgt	1811931	1817578	616.9	759
EOG092R01SR	Complete	chr9_A_Pgt	4220879	4225122	806.3	642
EOG092R01SS	Complete	chr1_A_Pgt	5619133	5622807	1216.7	772
EOG092R01TR	Complete	chr14_A_Pgt	1118380	1121455	930.4	613
EOG092R01TX	Complete	chr5_A_Pgt	2898529	2910061	694.4	626
EOG092R01UZ	Complete	chr1_A_Pgt	4009946	4014903	1648.4	921
EOG092R01WS	Complete	chr5_A_Pgt	2589808	2593171	1265.3	713
EOG092R01XX	Complete	chr2_A_Pgt	5862894	5866574	957.0	784
EOG092R01Y1	Complete	chr3_A_Pgt	2126046	2129306	766.3	696
EOG092R01YM	Complete	chr8_A_Pgt	1962405	1968831	966.0	931
EOG092R01Z4	Complete	chr11_A_Pgt	3446049	3451079	517.0	441
EOG092R01ZO	Complete	chr3_A_Pgt	5516590	5520639	713.6	839
EOG092R0207	Complete	chr17_A_Pgt	1903415	1907224	562.5	650
EOG092R0208	Complete	chr2_A_Pgt	5793384	5796831	1447.6	743
EOG092R0219	Complete	chr13_A_Pgt	198737	202493	1277.7	784
EOG092R022A	Complete	chr4_A_Pgt	1793086	1794798	352.2	299
EOG092R022P	Complete	chr9_A_Pgt	2886573	2890190	1239.8	726
EOG092R0235	Complete	chr8_A_Pgt	2123786	2127175	922.2	687
EOG092R023T	Complete	chr1_A_Pgt	910034	916211	370.8	466
EOG092R023Y	Complete	chr8_A_Pgt	2134962	2138660	1384.4	806
EOG092R027E	Complete	chr6_A_Pgt	1248906	1253808	687.6	804
EOG092R027I	Complete	chr9_A_Pgt	580042	583221	1218.1	782
EOG092R027K	Complete	chr13_A_Pgt	960625	964524	733.3	668
EOG092R027T	Complete	chr2_A_Pgt	602336	605310	994.8	552
EOG092R0285	Complete	chr2_A_Pgt	3369476	3372770	1226.2	648
EOG092R028H	Complete	chr9_A_Pgt	3754366	3756653	924.6	479
EOG092R02AA	Complete	chr2_A_Pgt	4943898	4948692	998.6	694
EOG092R02B6	Complete	chr11_A_Pgt	4372615	4376865	711.6	684
EOG092R02BA	Complete	chr8_A_Pgt	3226223	3229099	622.3	574
EOG092R02BC	Complete	chr10_A_Pgt	569890	573524	1347.5	869
EOG092R02BV	Complete	chr3_A_Pgt	4139319	4144019	649.0	450
EOG092R02BW	Complete	chr2_A_Pgt	178309	182630	682.5	741
EOG092R02D8	Complete	chr6_A_Pgt	3539401	3545365	201.1	440
EOG092R02F2	Complete	chr1_A_Pgt	4311776	4315156	993.9	754
EOG092R02F4	Complete	chr17_A_Pgt	1025328	1029165	1212.7	723
EOG092R02F8	Complete	chr11_A_Pgt	1946169	1951135	659.0	735
EOG092R02G9	Complete	chr6_A_Pgt	1233295	1235844	600.3	521
EOG092R02GN	Complete	chr18_A_Pgt	172415	186248	674.0	766
EOG092R02HL	Complete	chr1_A_Pgt	4484597	4489485	920.4	739
EOG092R02IG	Complete	chr4_A_Pgt	4808579	4811323	896.0	606
EOG092R02J2	Complete	chr2_A_Pgt	1460014	1463969	679.1	449
EOG092R02K0	Duplicated	chr11_A_Pgt	3695734	3699274	964.8	619
EOG092R02K0	Duplicated	chr14_A_Pgt	1025097	1028741	852.3	616
EOG092R02K3	Complete	chr18_A_Pgt	1333971	1336987	445.8	389
EOG092R02KI	Complete	chr5_A_Pgt	2711390	2720194	433.0	642
EOG092R02KV	Complete	chr13_A_Pgt	1551067	1557887	593.0	448
EOG092R02L0	Complete	chr3_A_Pgt	1009088	1012280	1112.2	638
EOG092R02L7	Complete	chr11_A_Pgt	1331228	1336415	923.9	925
EOG092R02LD	Duplicated	chr3_A_Pgt	5215114	5216774	339.7	302
EOG092R02LD	Duplicated	chr8_A_Pgt	4737643	4739229	339.7	336
EOG092R02LE	Complete	chr3_A_Pgt	3822576	3825456	657.5	529
EOG092R02LS	Complete	chr3_A_Pgt	2200596	2203344	964.8	610
EOG092R02M9	Complete	chr5_A_Pgt	674387	677596	1008.8	623
EOG092R02MS	Complete	chr11_A_Pgt	3900497	3905621	865.4	543
EOG092R02MZ	Complete	chr17_A_Pgt	141162	144716	569.2	625
EOG092R02N6	Complete	chr1_A_Pgt	5445555	5448467	999.0	548
EOG092R02N8	Complete	chr3_A_Pgt	4948649	4952061	654.9	453
EOG092R02NJ	Complete	chr2_A_Pgt	2089502	2092911	997.7	618
EOG092R02NK	Fragmented	chr18_A_Pgt	2788174	2795275	330.0	452
EOG092R02O1	Complete	chr16_A_Pgt	3298524	3301828	1134.9	706
EOG092R02O2	Complete	chr3_A_Pgt	2678645	2682172	909.7	710
EOG092R02OQ	Complete	chr3_A_Pgt	4203968	4208066	515.0	683
EOG092R02P2	Complete	chr3_A_Pgt	4720216	4723200	1273.6	644
EOG092R02P9	Complete	chr2_A_Pgt	648512	652108	1071.2	592
EOG092R02PN	Complete	chr4_A_Pgt	1809125	1812975	1360.8	795
EOG092R02PP	Complete	chr4_A_Pgt	3023912	3025762	413.5	368
EOG092R02PW	Complete	chr11_A_Pgt	3330651	3333986	791.5	611
EOG092R02Q5	Complete	chr5_A_Pgt	4293710	4297369	1172.7	657
EOG092R02RH	Complete	chr3_A_Pgt	1388660	1392555	1100.1	748
EOG092R02RK	Complete	chr5_A_Pgt	5457404	5461378	1105.1	643
EOG092R02RP	Complete	chr4_A_Pgt	1751794	1755566	733.1	417
EOG092R02SB	Complete	chr2_A_Pgt	4416454	4419604	1412.3	683
EOG092R02TD	Complete	chr10_A_Pgt	2728514	2732263	975.5	608
EOG092R02TP	Complete	chr6_A_Pgt	3917015	3920962	866.1	615
EOG092R02UM	Complete	chr8_A_Pgt	4358812	4361908	683.1	526
EOG092R02VE	Complete	chr18_A_Pgt	970111	974663	1541.0	988
EOG092R02WD	Complete	chr12_A_Pgt	2390395	2394388	782.5	586
EOG092R02WG	Complete	chr13_A_Pgt	1240667	1243510	589.6	563
EOG092R02WV	Complete	chr1_A_Pgt	504909	507895	1089.9	620
EOG092R02XO	Complete	chr8_A_Pgt	1180906	1184983	310.4	298
EOG092R02XP	Complete	chr11_A_Pgt	4043781	4054114	318.3	425
EOG092R02XQ	Complete	chr13_A_Pgt	3077550	3082407	1413.7	909
EOG092R02XU	Complete	chr6_A_Pgt	37191	40638	879.6	653
EOG092R02Y3	Complete	chr13_A_Pgt	1016977	1020603	593.6	525
EOG092R02YD	Complete	chr5_A_Pgt	2735786	2738585	515.7	494
EOG092R030R	Complete	chr4_A_Pgt	2844042	2847622	838.6	546
EOG092R032U	Complete	chr10_A_Pgt	795920	798793	1213.5	709
EOG092R033G	Duplicated	chr12_A_Pgt	3339565	3343142	767.5	472
EOG092R033G	Duplicated	chr12_A_Pgt	3388952	3391789	714.8	472
EOG092R033S	Complete	chr11_A_Pgt	401742	405858	697.2	550
EOG092R0362	Complete	chr7_A_Pgt	3526088	3529285	1076.3	611
EOG092R037C	Fragmented	chr7_A_Pgt	2060404	2068992	574.7	518
EOG092R037Z	Complete	chr5_A_Pgt	2549271	2552925	674.2	487
EOG092R0383	Complete	chr1_A_Pgt	782599	790243	409.0	521
EOG092R038J	Complete	chr9_A_Pgt	2401732	2407195	551.6	462
EOG092R038Z	Complete	chr5_A_Pgt	2825538	2828223	1057.4	652
EOG092R0390	Complete	chr11_A_Pgt	1999094	2002301	607.5	506
EOG092R0393	Complete	chr8_A_Pgt	1538956	1542635	499.4	368
EOG092R039K	Complete	chr2_A_Pgt	5731088	5734295	877.1	698
EOG092R039Q	Complete	chr18_A_Pgt	2245816	2249448	743.0	374
EOG092R039V	Complete	chr14_A_Pgt	171880	174722	832.6	641
EOG092R03AF	Complete	chr18_A_Pgt	731429	737121	1182.3	719
EOG092R03AG	Complete	chr13_A_Pgt	701498	704940	686.7	650
EOG092R03AL	Complete	chr3_A_Pgt	3592770	3596084	1105.9	599
EOG092R03AM	Complete	chr11_A_Pgt	2181609	2186067	898.8	584
EOG092R03BY	Complete	chr9_A_Pgt	3776659	3780584	672.5	574
EOG092R03CC	Complete	chr1_A_Pgt	1279871	1283201	725.3	678
EOG092R03CM	Complete	chr5_A_Pgt	5383232	5385659	301.2	283
EOG092R03CW	Complete	chr3_A_Pgt	187365	190829	933.7	611
EOG092R03CY	Complete	chr16_A_Pgt	153748	155088	325.9	186
EOG092R03DJ	Complete	chr7_A_Pgt	3104356	3108745	1249.4	741
EOG092R03DL	Complete	chr16_A_Pgt	399548	402354	446.4	267
EOG092R03DO	Complete	chr13_A_Pgt	111717	114004	607.1	338
EOG092R03DS	Complete	chr9_A_Pgt	4043821	4047311	635.1	694
EOG092R03EK	Complete	chr15_A_Pgt	1355856	1363154	407.2	309
EOG092R03F0	Complete	chr12_A_Pgt	222730	225736	879.3	626
EOG092R03FK	Complete	chr10_A_Pgt	1143970	1147248	850.7	521
EOG092R03GK	Complete	chr6_A_Pgt	5254665	5257197	814.0	623
EOG092R03GX	Complete	chr10_A_Pgt	510638	514447	441.3	314
EOG092R03HT	Complete	chr1_A_Pgt	4090517	4094547	1151.2	625
EOG092R03IM	Missing
EOG092R03JE	Complete	chr4_A_Pgt	2850698	2856861	470.7	437
EOG092R03JI	Complete	chr4_A_Pgt	2900424	2903710	326.3	497
EOG092R03JU	Complete	chr10_A_Pgt	825436	828153	532.3	534
EOG092R03K4	Complete	chr9_A_Pgt	4155975	4160498	825.6	703
EOG092R03LA	Complete	chr16_A_Pgt	3290531	3301828	600.0	454
EOG092R03LT	Complete	chr5_A_Pgt	783729	786395	1256.1	648
EOG092R03M8	Complete	chr14_A_Pgt	470733	473374	462.4	381
EOG092R03MM	Complete	chr1_A_Pgt	4398880	4402274	655.5	645
EOG092R03MU	Complete	chr4_A_Pgt	3523433	3525214	476.0	297
EOG092R03N3	Complete	chr4_A_Pgt	4776502	4779380	345.9	429
EOG092R03NF	Complete	chr5_A_Pgt	5469965	5473533	900.6	725
EOG092R03NH	Complete	chr9_A_Pgt	3153077	3155773	1059.4	552
EOG092R03O3	Complete	chr2_A_Pgt	2852248	2854933	387.4	254
EOG092R03OF	Complete	chr3_A_Pgt	2921466	2924300	1222.4	627
EOG092R03P3	Complete	chr14_A_Pgt	2071024	2073465	615.5	402
EOG092R03PP	Complete	chr17_A_Pgt	726913	731025	789.9	530
EOG092R03QD	Complete	chr4_A_Pgt	1148308	1151277	1022.7	645
EOG092R03R2	Complete	chr5_A_Pgt	3636054	3638891	448.6	339
EOG092R03S0	Complete	chr12_A_Pgt	1382564	1385505	883.9	582
EOG092R03S3	Complete	chr6_A_Pgt	3543892	3547148	956.4	555
EOG092R03S5	Complete	chr10_A_Pgt	3838954	3845177	246.8	266
EOG092R03S6	Complete	chr3_A_Pgt	4216793	4219232	376.0	306
EOG092R03ST	Complete	chr3_A_Pgt	365892	368970	770.2	624
EOG092R03U6	Complete	chr7_A_Pgt	4278450	4281453	870.6	537
EOG092R03VI	Complete	chr12_A_Pgt	301285	304343	944.0	704
EOG092R03VP	Complete	chr4_A_Pgt	1275213	1278029	719.1	546
EOG092R03WR	Complete	chr4_A_Pgt	3032010	3036490	578.2	672
EOG092R03XA	Complete	chr2_A_Pgt	3934539	3938070	764.8	627
EOG092R03XN	Complete	chr4_A_Pgt	2124274	2129742	261.2	450
EOG092R03XU	Complete	chr9_A_Pgt	351397	355645	398.8	349
EOG092R03ZJ	Complete	chr4_A_Pgt	195581	198704	951.4	742
EOG092R040D	Complete	chr6_A_Pgt	653377	655842	249.4	373
EOG092R040T	Complete	chr6_A_Pgt	1223156	1228348	434.3	540
EOG092R0414	Complete	chr5_A_Pgt	296797	300012	613.9	565
EOG092R041D	Complete	chr1_A_Pgt	510499	513432	409.2	512
EOG092R041W	Complete	chr18_A_Pgt	2580875	2583689	1104.5	605
EOG092R041Z	Duplicated	chr4_A_Pgt	547648	550516	366.6	460
EOG092R041Z	Duplicated	chr5_A_Pgt	493708	496106	366.7	460
EOG092R042D	Complete	chr8_A_Pgt	4763983	4767324	936.3	546
EOG092R042R	Complete	chr10_A_Pgt	4046527	4048960	761.0	509
EOG092R0435	Complete	chr12_A_Pgt	1345933	1349185	376.4	511
EOG092R043H	Complete	chr2_A_Pgt	923743	926944	736.7	450
EOG092R044E	Complete	chr18_A_Pgt	683099	686706	964.7	551
EOG092R044P	Complete	chr4_A_Pgt	5341507	5355692	427.0	749
EOG092R0453	Complete	chr8_A_Pgt	4976138	4980137	857.6	517
EOG092R045F	Complete	chr4_A_Pgt	436250	440432	849.3	718
EOG092R0463	Complete	chr4_A_Pgt	5357287	5360527	944.6	543
EOG092R046E	Complete	chr7_A_Pgt	5124411	5127026	468.8	358
EOG092R046U	Complete	chr9_A_Pgt	2812672	2814604	251.1	289
EOG092R0470	Complete	chr7_A_Pgt	1483420	1486542	524.3	472
EOG092R047C	Complete	chr17_A_Pgt	1783256	1787372	450.0	590
EOG092R047O	Complete	chr8_A_Pgt	697327	698877	506.5	392
EOG092R047R	Complete	chr11_A_Pgt	4489492	4494349	1375.4	1198
EOG092R047X	Complete	chr16_A_Pgt	1125134	1128216	504.1	514
EOG092R04AM	Complete	chr3_A_Pgt	1087436	1094695	526.3	460
EOG092R04B7	Complete	chr1_A_Pgt	2868155	2878282	387.1	428
EOG092R04C9	Complete	chr10_A_Pgt	4085662	4088100	1127.9	583
EOG092R04D6	Complete	chr12_A_Pgt	576070	579519	473.8	423
EOG092R04D7	Complete	chr3_A_Pgt	4988642	4990182	446.8	316
EOG092R04DC	Complete	chr1_A_Pgt	5150192	5151917	579.3	381
EOG092R04E5	Complete	chr10_A_Pgt	2094437	2097811	1056.6	600
EOG092R04EG	Complete	chr8_A_Pgt	1649172	1652813	906.2	664
EOG092R04EN	Complete	chr8_A_Pgt	3358512	3361553	666.2	493
EOG092R04F0	Complete	chr9_A_Pgt	666386	669098	995.6	571
EOG092R04F8	Complete	chr10_A_Pgt	4336981	4339905	872.2	580
EOG092R04FD	Complete	chr3_A_Pgt	3536758	3539562	1210.4	658
EOG092R04G8	Complete	chr18_A_Pgt	440814	443925	573.3	538
EOG092R04HK	Complete	chr15_A_Pgt	3347351	3350627	1238.1	807
EOG092R04IN	Complete	chr14_A_Pgt	216188	218373	502.0	421
EOG092R04JP	Complete	chr18_A_Pgt	159267	165486	491.4	252
EOG092R04KO	Complete	chr8_A_Pgt	4280017	4283570	1196.9	615
EOG092R04KV	Complete	chr1_A_Pgt	434271	435476	228.8	179
EOG092R04LA	Complete	chr2_A_Pgt	3943513	3945779	659.7	542
EOG092R04M7	Complete	chr11_A_Pgt	2357093	2359988	742.9	503
EOG092R04MI	Complete	chr4_A_Pgt	5679965	5683328	650.5	652
EOG092R04N3	Complete	chr8_A_Pgt	212165	214670	799.9	561
EOG092R04NK	Complete	chr3_A_Pgt	5348126	5351618	275.8	212
EOG092R04OV	Complete	chr11_A_Pgt	1208459	1210971	698.5	384
EOG092R04P0	Complete	chr16_A_Pgt	628601	632790	1711.0	1099
EOG092R04P4	Complete	chr5_A_Pgt	3093677	3097017	342.0	515
EOG092R04PE	Complete	chr4_A_Pgt	582039	585267	769.6	526
EOG092R04PJ	Complete	chr1_A_Pgt	277654	279987	871.7	528
EOG092R04PO	Complete	chr15_A_Pgt	1151306	1155334	614.6	607
EOG092R04PS	Complete	chr6_A_Pgt	3842696	3845229	1229.2	653
EOG092R04QM	Complete	chr8_A_Pgt	580955	583663	351.9	242
EOG092R04RH	Complete	chr8_A_Pgt	660688	663880	436.9	344
EOG092R04RX	Complete	chr13_A_Pgt	1304814	1307634	626.5	469
EOG092R04SD	Complete	chr8_A_Pgt	2412402	2415436	387.9	436
EOG092R04SM	Complete	chr13_A_Pgt	2597060	2599600	239.9	293
EOG092R04SS	Complete	chr18_A_Pgt	2805737	2808289	1067.1	517
EOG092R04VB	Complete	chr5_A_Pgt	4901764	4904260	414.6	253
EOG092R04W3	Complete	chr16_A_Pgt	625510	628068	782.7	504
EOG092R04WN	Complete	chr12_A_Pgt	2456169	2464379	653.8	644
EOG092R04WO	Complete	chr1_A_Pgt	4324508	4329986	721.3	704
EOG092R04X2	Complete	chr5_A_Pgt	3187928	3190624	1001.8	592
EOG092R04X7	Complete	chr8_A_Pgt	4054975	4062295	949.4	578
EOG092R04Y3	Complete	chr7_A_Pgt	4458283	4482755	1404.8	756
EOG092R04Y7	Complete	chr5_A_Pgt	1127038	1128560	512.8	274
EOG092R050B	Complete	chr7_A_Pgt	418919	422155	426.4	321
EOG092R050F	Complete	chr10_A_Pgt	4374581	4377692	684.5	408
EOG092R0510	Complete	chr8_A_Pgt	3847060	3849785	628.1	534
EOG092R051T	Complete	chr14_A_Pgt	1445067	1456549	451.0	485
EOG092R051W	Complete	chr2_A_Pgt	3549027	3551954	578.6	400
EOG092R0524	Complete	chr2_A_Pgt	3297308	3299706	851.9	523
EOG092R052F	Complete	chr13_A_Pgt	2253006	2256303	485.8	320
EOG092R052Q	Complete	chr5_A_Pgt	2136135	2138566	978.0	554
EOG092R053O	Complete	chr5_A_Pgt	598608	601650	433.9	414
EOG092R054E	Complete	chr5_A_Pgt	1178014	1180609	1061.4	562
EOG092R054L	Complete	chr14_A_Pgt	1411479	1419397	239.3	440
EOG092R054Y	Complete	chr16_A_Pgt	1341170	1345188	541.7	518
EOG092R056Q	Complete	chr9_A_Pgt	3393062	3395261	425.2	320
EOG092R056X	Complete	chr15_A_Pgt	231047	233269	840.7	523
EOG092R0570	Complete	chr7_A_Pgt	940129	943596	743.6	398
EOG092R057B	Complete	chr10_A_Pgt	3493828	3497822	192.6	226
EOG092R057L	Complete	chr13_A_Pgt	3070131	3073587	327.9	364
EOG092R058I	Complete	chr18_A_Pgt	2546987	2550590	674.6	615
EOG092R0590	Complete	chr9_A_Pgt	553437	556134	866.2	460
EOG092R059D	Complete	chr7_A_Pgt	3789363	3791824	220.4	317
EOG092R059S	Complete	chr4_A_Pgt	2565491	2568748	693.0	543
EOG092R05AD	Complete	chr4_A_Pgt	2621157	2623233	364.6	301
EOG092R05BI	Complete	chr7_A_Pgt	2048174	2055184	844.2	444
EOG092R05BW	Complete	chr6_A_Pgt	5471137	5473749	519.1	406
EOG092R05DL	Complete	chr5_A_Pgt	3273093	3275792	1126.7	564
EOG092R05E8	Complete	chr12_A_Pgt	1468567	1470792	414.5	384
EOG092R05EA	Complete	chr7_A_Pgt	1280867	1284055	354.3	335
EOG092R05EM	Complete	chr7_A_Pgt	2414030	2417398	1074.7	684
EOG092R05EY	Complete	chr1_A_Pgt	5878667	5881658	597.2	345
EOG092R05FD	Missing
EOG092R05FZ	Complete	chr11_A_Pgt	2428195	2430412	379.9	343
EOG092R05HF	Complete	chr18_A_Pgt	2496900	2499183	988.4	464
EOG092R05J5	Complete	chr5_A_Pgt	2795936	2797976	808.4	490
EOG092R05ND	Complete	chr7_A_Pgt	3810324	3820986	174.3	269
EOG092R05PY	Complete	chr2_A_Pgt	2425504	2428073	575.7	491
EOG092R05R4	Complete	chr10_A_Pgt	1281966	1284256	802.7	484
EOG092R05SX	Complete	chr2_A_Pgt	4659584	4663080	421.5	445
EOG092R05SZ	Complete	chr8_A_Pgt	1040165	1043494	991.4	576
EOG092R05TB	Complete	chr9_A_Pgt	4190266	4192165	701.3	383
EOG092R05TX	Complete	chr6_A_Pgt	4747079	4749580	806.7	476
EOG092R05V7	Complete	chr15_A_Pgt	3331075	3334332	616.6	443
EOG092R05VL	Complete	chr10_A_Pgt	565880	568827	1165.2	620
EOG092R05VY	Complete	chr4_A_Pgt	559379	561953	829.0	500
EOG092R05WP	Complete	chr18_A_Pgt	1525271	1527471	673.4	398
EOG092R05YF	Complete	chr9_A_Pgt	2308234	2316207	559.9	468
EOG092R05ZC	Fragmented	chr10_A_Pgt	718573	729165	566.4	388
EOG092R061J	Complete	chr11_A_Pgt	532776	535064	552.1	425
EOG092R061N	Complete	chr8_A_Pgt	847528	849806	491.3	508
EOG092R0633	Complete	chr2_A_Pgt	5854410	5858558	432.6	449
EOG092R0637	Complete	chr8_A_Pgt	2374579	2377376	951.3	504
EOG092R063F	Complete	chr5_A_Pgt	4932761	4935078	360.6	526
EOG092R063X	Duplicated	chr5_A_Pgt	2163332	2165705	671.1	492
EOG092R063X	Duplicated	chr5_A_Pgt	2166532	2168943	644.5	491
EOG092R063X	Duplicated	chr5_A_Pgt	2175640	2178026	635.3	491
EOG092R0645	Complete	chr10_A_Pgt	2862959	2866762	871.6	515
EOG092R066G	Complete	chr5_A_Pgt	1433422	1435581	719.2	448
EOG092R067Q	Complete	chr5_A_Pgt	2221470	2224737	437.4	508
EOG092R0685	Complete	chr1_A_Pgt	5466381	5473626	655.8	472
EOG092R068U	Complete	chr4_A_Pgt	5298949	5301012	718.0	453
EOG092R069Y	Complete	chr12_A_Pgt	3903608	3906349	797.4	551
EOG092R06B7	Complete	chr1_A_Pgt	105452	107519	258.3	355
EOG092R06BC	Complete	chr18_A_Pgt	524872	526850	351.2	400
EOG092R06DT	Complete	chr2_A_Pgt	5174252	5176247	454.5	347
EOG092R06EH	Complete	chr1_A_Pgt	4490195	4491477	141.1	117
EOG092R06ER	Complete	chr4_A_Pgt	691227	693442	417.6	321
EOG092R06EZ	Complete	chr1_A_Pgt	87106	91724	430.0	399
EOG092R06FZ	Complete	chr12_A_Pgt	1494766	1495964	453.9	255
EOG092R06HA	Complete	chr17_A_Pgt	1297460	1300808	617.1	504
EOG092R06IK	Complete	chr1_A_Pgt	966139	968454	902.9	433
EOG092R06J6	Complete	chr6_A_Pgt	2419907	2422402	597.4	457
EOG092R06JB	Complete	chr1_A_Pgt	3331066	3334098	295.5	237
EOG092R06K7	Complete	chr4_A_Pgt	359603	361736	957.6	500
EOG092R06KY	Complete	chr6_A_Pgt	2608433	2614991	195.1	238
EOG092R06LD	Complete	chr9_A_Pgt	3101682	3103772	651.1	429
EOG092R06LI	Complete	chr12_A_Pgt	1689297	1693699	352.3	420
EOG092R06NL	Complete	chr3_A_Pgt	5491555	5493869	698.6	442
EOG092R06P4	Complete	chr16_A_Pgt	2733886	2736790	315.7	353
EOG092R06RU	Complete	chr16_A_Pgt	1440677	1443891	718.9	599
EOG092R06S0	Complete	chr10_A_Pgt	3054898	3056709	368.5	263
EOG092R06SP	Complete	chr5_A_Pgt	1301353	1303747	508.6	362
EOG092R06TP	Complete	chr16_A_Pgt	1049002	1051409	969.0	495
EOG092R06U0	Complete	chr2_A_Pgt	4244293	4245883	446.8	351
EOG092R06V0	Complete	chr2_A_Pgt	5292181	5294378	952.9	485
EOG092R06VC	Complete	chr8_A_Pgt	2918780	2921193	720.9	426
EOG092R06VN	Complete	chr17_A_Pgt	2286451	2288883	529.7	387
EOG092R06VY	Complete	chr1_A_Pgt	4025649	4028184	593.1	468
EOG092R06X8	Complete	chr6_A_Pgt	4505818	4508080	406.3	328
EOG092R06XC	Complete	chr16_A_Pgt	604553	606660	574.2	453
EOG092R06XU	Fragmented	chr3_A_Pgt	3980821	3986441	109.9	109
EOG092R06XW	Complete	chr12_A_Pgt	1947674	1953626	221.6	319
EOG092R06ZW	Complete	chr17_A_Pgt	2980307	2983892	685.6	379
EOG092R070F	Complete	chr6_A_Pgt	2667025	2669148	967.3	499
EOG092R0717	Missing
EOG092R0720	Complete	chr5_A_Pgt	2661290	2663586	728.2	370
EOG092R072B	Complete	chr9_A_Pgt	2167210	2169416	882.1	480
EOG092R072K	Complete	chr8_A_Pgt	2171717	2174256	582.0	391
EOG092R072T	Complete	chr1_A_Pgt	107631	113583	476.9	359
EOG092R073C	Complete	chr5_A_Pgt	732214	735741	642.0	419
EOG092R074J	Complete	chr1_A_Pgt	4958517	4965037	512.8	396
EOG092R0764	Complete	chr8_A_Pgt	1053092	1061281	462.3	344
EOG092R076W	Complete	chr11_A_Pgt	4091634	4093895	917.3	536
EOG092R0773	Complete	chr11_A_Pgt	1511152	1513606	927.6	440
EOG092R077C	Complete	chr1_A_Pgt	3986752	3989676	344.6	262
EOG092R077Q	Complete	chr8_A_Pgt	3694805	3697362	1007.4	527
EOG092R0785	Complete	chr12_A_Pgt	620099	626905	366.8	350
EOG092R078B	Complete	chr2_A_Pgt	2266977	2270141	663.0	487
EOG092R079G	Complete	chr18_A_Pgt	1739873	1746728	370.8	530
EOG092R07A5	Complete	chr5_A_Pgt	1680630	1682586	492.1	374
EOG092R07AD	Complete	chr17_A_Pgt	921016	928076	454.7	486
EOG092R07BH	Complete	chr7_A_Pgt	2186578	2190098	191.6	480
EOG092R07BO	Complete	chr18_A_Pgt	277816	279985	512.0	392
EOG092R07CR	Complete	chr7_A_Pgt	1364893	1367548	562.2	316
EOG092R07DK	Complete	chr6_A_Pgt	556761	559230	385.0	498
EOG092R07DL	Complete	chr5_A_Pgt	2328537	2330597	256.9	328
EOG092R07DQ	Complete	chr17_A_Pgt	2341714	2344034	726.9	406
EOG092R07EZ	Complete	chr6_A_Pgt	4780361	4784407	404.9	336
EOG092R07G0	Complete	chr17_A_Pgt	399571	405081	353.3	260
EOG092R07GB	Complete	chr6_A_Pgt	4310791	4312708	601.8	426
EOG092R07GM	Complete	chr13_A_Pgt	2696283	2699064	575.3	418
EOG092R07GO	Complete	chr17_A_Pgt	886160	889143	347.0	424
EOG092R07H5	Complete	chr12_A_Pgt	540615	542692	844.4	460
EOG092R07HE	Complete	chr13_A_Pgt	3318208	3320092	125.9	283
EOG092R07HG	Complete	chr1_A_Pgt	4720027	4721939	440.1	446
EOG092R07HN	Complete	chr14_A_Pgt	2749427	2751665	575.9	408
EOG092R07JN	Complete	chr3_A_Pgt	3279570	3282049	885.8	425
EOG092R07K7	Complete	chr10_A_Pgt	3818370	3820508	587.0	417
EOG092R07LS	Complete	chr1_A_Pgt	466478	469243	391.3	308
EOG092R07LZ	Complete	chr7_A_Pgt	5027631	5030935	856.9	575
EOG092R07MT	Complete	chr11_A_Pgt	3464982	3468125	1000.9	589
EOG092R07NX	Complete	chr18_A_Pgt	2729572	2731675	693.8	387
EOG092R07OK	Complete	chr5_A_Pgt	4077051	4079144	627.1	505
EOG092R07R7	Complete	chr6_A_Pgt	1726881	1729145	856.4	449
EOG092R07T1	Complete	chr11_A_Pgt	1671934	1674116	635.9	386
EOG092R07TL	Complete	chr1_A_Pgt	2937662	2946175	274.1	678
EOG092R07UH	Complete	chr7_A_Pgt	3884911	3887144	847.5	474
EOG092R07UL	Complete	chr4_A_Pgt	1419537	1422116	725.9	513
EOG092R07XL	Complete	chr3_A_Pgt	5436893	5438814	346.2	343
EOG092R080H	Complete	chr8_A_Pgt	3579774	3581710	500.8	333
EOG092R082W	Complete	chr17_A_Pgt	526631	529299	424.1	479
EOG092R0848	Complete	chr13_A_Pgt	2403862	2406322	903.5	477
EOG092R0849	Complete	chr17_A_Pgt	2849745	2852222	409.1	401
EOG092R084Q	Complete	chr1_A_Pgt	3665377	3667000	441.7	352
EOG092R086A	Complete	chr5_A_Pgt	5239402	5241657	666.9	445
EOG092R087T	Complete	chr6_A_Pgt	5374850	5377490	552.1	467
EOG092R0881	Complete	chr7_A_Pgt	1347217	1350196	396.7	552
EOG092R088P	Complete	chr16_A_Pgt	1725109	1727291	824.0	439
EOG092R089P	Complete	chr9_A_Pgt	3790877	3793246	920.4	442
EOG092R089T	Complete	chr3_A_Pgt	1355961	1358621	413.3	319
EOG092R08AY	Complete	chr11_A_Pgt	3717409	3719689	505.7	305
EOG092R08BA	Complete	chr4_A_Pgt	2457022	2460216	639.8	483
EOG092R08BI	Complete	chr8_A_Pgt	439221	441528	506.9	407
EOG092R08BZ	Complete	chr16_A_Pgt	337046	339159	825.8	413
EOG092R08CA	Complete	chr8_A_Pgt	2757098	2767991	268.5	377
EOG092R08CQ	Complete	chr9_A_Pgt	1178728	1182491	330.5	479
EOG092R08EZ	Complete	chr6_A_Pgt	1080838	1085400	583.4	805
EOG092R08FD	Complete	chr4_A_Pgt	216815	218772	883.2	416
EOG092R08FP	Complete	chr4_A_Pgt	323462	325771	812.6	428
EOG092R08H1	Duplicated	chr7_A_Pgt	3595218	3602221	529.1	350
EOG092R08H1	Duplicated	chr8_A_Pgt	3984931	3990496	459.0	362
EOG092R08HB	Complete	chr14_A_Pgt	3100799	3102287	198.6	304
EOG092R08HQ	Complete	chr11_A_Pgt	3115112	3116770	539.1	337
EOG092R08I4	Complete	chr8_A_Pgt	4168847	4172065	173.3	239
EOG092R08IB	Complete	chr16_A_Pgt	3253528	3256923	444.5	350
EOG092R08J0	Complete	chr5_A_Pgt	2801697	2804533	670.7	420
EOG092R08JB	Complete	chr17_A_Pgt	2957591	2960349	815.7	473
EOG092R08JQ	Complete	chr8_A_Pgt	1573385	1575517	497.7	384
EOG092R08K4	Complete	chr18_A_Pgt	2727220	2729178	789.8	397
EOG092R08KJ	Complete	chr3_A_Pgt	38672	40752	201.4	306
EOG092R08L3	Complete	chr5_A_Pgt	1214390	1216437	559.6	463
EOG092R08LW	Complete	chr4_A_Pgt	4555675	4562541	241.3	333
EOG092R08N0	Complete	chr8_A_Pgt	90580	92804	430.0	336
EOG092R08N3	Complete	chr4_A_Pgt	1498286	1503547	496.9	347
EOG092R08N8	Complete	chr8_A_Pgt	3366519	3368939	512.4	426
EOG092R08NE	Complete	chr9_A_Pgt	373616	375625	850.7	447
EOG092R08ON	Complete	chr5_A_Pgt	2652731	2655332	743.9	477
EOG092R08OZ	Duplicated	chr8_A_Pgt	4950634	4952732	622.3	361
EOG092R08OZ	Duplicated	chr9_A_Pgt	3075957	3079422	592.8	362
EOG092R08P1	Complete	chr14_A_Pgt	635801	637733	534.1	347
EOG092R08PM	Complete	chr13_A_Pgt	81939	90680	689.0	623
EOG092R08Q9	Complete	chr4_A_Pgt	4387726	4389570	429.6	320
EOG092R08QO	Complete	chr9_A_Pgt	1269212	1271885	720.3	410
EOG092R08RN	Complete	chr10_A_Pgt	2451389	2454510	643.6	377
EOG092R08RP	Complete	chr14_A_Pgt	706922	708256	451.0	334
EOG092R08RY	Complete	chr18_A_Pgt	1572337	1574644	458.0	358
EOG092R08SB	Complete	chr3_A_Pgt	80764	82529	606.1	400
EOG092R08SI	Complete	chr10_A_Pgt	2020586	2022097	393.8	316
EOG092R08U6	Complete	chr3_A_Pgt	4232275	4234432	340.6	328
EOG092R08UF	Complete	chr1_A_Pgt	4924848	4926634	494.9	359
EOG092R08US	Complete	chr13_A_Pgt	373313	375987	191.2	284
EOG092R08W1	Complete	chr10_A_Pgt	514562	515858	198.5	210
EOG092R08W6	Complete	chr7_A_Pgt	3187550	3189988	599.6	432
EOG092R08XM	Complete	chr18_A_Pgt	1686976	1694018	538.5	312
EOG092R08Y4	Complete	chr1_A_Pgt	4764299	4766084	490.8	286
EOG092R08Y6	Complete	chr6_A_Pgt	5018110	5020922	632.9	442
EOG092R08YA	Complete	chr6_A_Pgt	1963944	1966048	545.4	368
EOG092R08YU	Complete	chr6_A_Pgt	3708563	3712014	261.3	307
EOG092R08YZ	Complete	chr16_A_Pgt	1353623	1360945	816.2	488
EOG092R090E	Complete	chr5_A_Pgt	2183595	2185451	485.6	412
EOG092R090P	Complete	chr6_A_Pgt	4444299	4446187	610.6	334
EOG092R0914	Complete	chr6_A_Pgt	5493788	5495825	761.1	351
EOG092R0915	Complete	chr2_A_Pgt	2206736	2208459	519.3	301
EOG092R091P	Complete	chr2_A_Pgt	5002804	5004798	503.6	374
EOG092R091V	Complete	chr3_A_Pgt	991149	993354	456.3	354
EOG092R092A	Complete	chr5_A_Pgt	2597989	2602595	1016.5	589
EOG092R092H	Complete	chr6_A_Pgt	3295244	3297676	825.3	451
EOG092R092K	Complete	chr3_A_Pgt	1119353	1121580	868.2	479
EOG092R0931	Complete	chr12_A_Pgt	2830798	2832619	603.7	344
EOG092R094V	Complete	chr3_A_Pgt	1755183	1762069	725.5	371
EOG092R095W	Complete	chr11_A_Pgt	1006094	1008124	518.7	350
EOG092R096K	Complete	chr2_A_Pgt	3922241	3924342	391.1	325
EOG092R097B	Complete	chr4_A_Pgt	3649190	3651222	522.3	367
EOG092R097C	Complete	chr16_A_Pgt	1361487	1365020	753.8	552
EOG092R097H	Complete	chr6_A_Pgt	110819	112537	673.2	333
EOG092R097X	Complete	chr1_A_Pgt	1576918	1579086	501.3	379
EOG092R0987	Complete	chr4_A_Pgt	2429567	2431312	494.8	340
EOG092R098G	Complete	chr5_A_Pgt	1229636	1231580	443.9	518
EOG092R099Y	Complete	chr3_A_Pgt	4334107	4336322	651.3	378
EOG092R09BB	Complete	chr17_A_Pgt	844953	846917	300.2	351
EOG092R09CF	Complete	chr1_A_Pgt	4664827	4672002	911.2	609
EOG092R09CZ	Complete	chr9_A_Pgt	4032344	4034294	725.0	410
EOG092R09DU	Complete	chr4_A_Pgt	2820143	2823034	491.3	368
EOG092R09EI	Complete	chr3_A_Pgt	4196023	4198942	460.8	446
EOG092R09FU	Complete	chr4_A_Pgt	2741708	2744209	302.6	246
EOG092R09G0	Complete	chr4_A_Pgt	5904804	5906679	842.1	400
EOG092R09G6	Complete	chr8_A_Pgt	3041950	3044275	277.2	451
EOG092R09HC	Complete	chr1_A_Pgt	3048534	3050876	602.3	368
EOG092R09IK	Complete	chr9_A_Pgt	2496933	2503060	277.7	218
EOG092R09IO	Complete	chr4_A_Pgt	4887370	4889516	566.8	377
EOG092R09JK	Complete	chr6_A_Pgt	105844	109413	872.1	545
EOG092R09LN	Complete	chr13_A_Pgt	1089519	1091309	769.5	396
EOG092R09M5	Fragmented	chr11_A_Pgt	2033275	2039857	595.3	348
EOG092R09N7	Complete	chr1_A_Pgt	1289807	1294812	487.9	550
EOG092R09NL	Complete	chr14_A_Pgt	2445528	2448079	502.4	461
EOG092R09O0	Complete	chr1_A_Pgt	5036098	5037866	375.6	359
EOG092R09OO	Complete	chr8_A_Pgt	2301129	2303390	759.2	389
EOG092R09OV	Complete	chr7_A_Pgt	590535	595588	546.9	390
EOG092R09R0	Complete	chr10_A_Pgt	4354372	4356402	770.5	372
EOG092R09RJ	Complete	chr9_A_Pgt	707647	710314	722.1	500
EOG092R09RX	Complete	chr4_A_Pgt	5606606	5609364	379.9	534
EOG092R09T5	Complete	chr10_A_Pgt	4351020	4352997	722.5	402
EOG092R09T7	Complete	chr18_A_Pgt	1145198	1147482	375.9	284
EOG092R09UB	Complete	chr18_A_Pgt	884906	887631	558.9	426
EOG092R09VI	Complete	chr9_A_Pgt	663205	665556	390.2	331
EOG092R09W3	Complete	chr5_A_Pgt	1052502	1055244	772.9	384
EOG092R09Z0	Complete	chr12_A_Pgt	752941	754628	901.7	427
EOG092R0A0X	Complete	chr7_A_Pgt	4483182	4485173	752.5	353
EOG092R0A4R	Missing
EOG092R0A5W	Complete	chr2_A_Pgt	3699850	3703077	672.9	500
EOG092R0A63	Complete	chr6_A_Pgt	4399124	4401190	325.4	319
EOG092R0A6R	Complete	chr7_A_Pgt	1517703	1519993	428.9	308
EOG092R0A87	Complete	chr17_A_Pgt	452806	454590	640.4	379
EOG092R0A9D	Complete	chr1_A_Pgt	2979890	2981812	710.6	374
EOG092R0AA1	Complete	chr6_A_Pgt	2804121	2806965	277.4	326
EOG092R0AAR	Complete	chr15_A_Pgt	1135427	1137351	453.9	438
EOG092R0ABG	Complete	chr15_A_Pgt	1140135	1142027	759.5	436
EOG092R0ABW	Complete	chr3_A_Pgt	4100189	4102313	532.9	474
EOG092R0AC7	Complete	chr9_A_Pgt	748295	750420	868.2	474
EOG092R0AC9	Complete	chr18_A_Pgt	1493480	1495859	847.2	453
EOG092R0ACQ	Complete	chr16_A_Pgt	2860036	2865689	584.2	655
EOG092R0ADC	Complete	chr17_A_Pgt	499999	502012	806.1	505
EOG092R0ADS	Duplicated	chr3_A_Pgt	5271469	5274235	749.2	368
EOG092R0ADS	Duplicated	chr3_A_Pgt	5319040	5321803	749.2	368
EOG092R0AEU	Missing
EOG092R0AF1	Complete	chr11_A_Pgt	479666	481262	304.0	262
EOG092R0AG4	Complete	chr4_A_Pgt	60171	62704	624.4	335
EOG092R0AGC	Complete	chr12_A_Pgt	2148250	2150409	409.9	326
EOG092R0AH1	Complete	chr3_A_Pgt	4851652	4853548	490.5	359
EOG092R0AIC	Complete	chr8_A_Pgt	3944069	3946095	419.3	278
EOG092R0AJO	Complete	chr9_A_Pgt	3169959	3171285	405.2	317
EOG092R0AKD	Complete	chr8_A_Pgt	2296405	2298027	656.8	410
EOG092R0AM6	Fragmented	chr16_A_Pgt	1049002	1058382	533.8	302
EOG092R0AMZ	Complete	chr10_A_Pgt	4244244	4245937	725.3	379
EOG092R0ANI	Complete	chr4_A_Pgt	5399441	5403230	576.0	524
EOG092R0ANM	Complete	chr2_A_Pgt	3739153	3741189	473.0	347
EOG092R0AO9	Complete	chr17_A_Pgt	2876450	2879762	176.5	250
EOG092R0AQ5	Complete	chr1_A_Pgt	4746912	4749009	381.5	221
EOG092R0AQA	Complete	chr14_A_Pgt	649177	651000	253.3	288
EOG092R0AQN	Complete	chr3_A_Pgt	3681469	3683301	724.5	435
EOG092R0AR5	Complete	chr10_A_Pgt	4383653	4385664	800.6	396
EOG092R0ARJ	Complete	chr17_A_Pgt	660131	662247	360.8	330
EOG092R0ARM	Complete	chr2_A_Pgt	3435921	3437894	383.6	310
EOG092R0AS8	Complete	chr16_A_Pgt	2606984	2608944	423.2	424
EOG092R0ASG	Complete	chr3_A_Pgt	563654	565722	532.5	382
EOG092R0ATE	Complete	chr2_A_Pgt	2316185	2318975	739.6	513
EOG092R0AU5	Complete	chr4_A_Pgt	4883307	4884694	528.3	295
EOG092R0AUH	Complete	chr11_A_Pgt	4264524	4272468	512.7	499
EOG092R0AV1	Complete	chr3_A_Pgt	667131	669046	177.5	241
EOG092R0AV8	Complete	chr2_A_Pgt	1988651	1990956	249.4	317
EOG092R0AW5	Complete	chr1_A_Pgt	1649144	1651211	824.8	374
EOG092R0AX2	Complete	chr12_A_Pgt	2697373	2699477	582.7	378
EOG092R0AYL	Complete	chr10_A_Pgt	2391542	2393284	616.1	313
EOG092R0AYQ	Complete	chr16_A_Pgt	1348915	1350724	642.9	356
EOG092R0AYX	Complete	chr14_A_Pgt	327250	329642	436.6	305
EOG092R0AZ1	Complete	chr1_A_Pgt	357280	359588	395.6	356
EOG092R0AZ2	Fragmented	chr4_A_Pgt	5110240	5116778	376.6	306
EOG092R0AZT	Complete	chr5_A_Pgt	5098090	5099700	332.9	256
EOG092R0AZU	Complete	chr2_A_Pgt	1648469	1650238	601.5	349
EOG092R0B2C	Complete	chr6_A_Pgt	3406916	3408663	258.4	294
EOG092R0B44	Complete	chr3_A_Pgt	4102492	4105316	695.2	627
EOG092R0B48	Complete	chr5_A_Pgt	1183896	1185298	372.8	248
EOG092R0B4A	Complete	chr10_A_Pgt	1764867	1767286	726.6	355
EOG092R0B50	Complete	chr11_A_Pgt	4043555	4045582	668.3	385
EOG092R0B5P	Complete	chr2_A_Pgt	3299977	3301418	316.8	272
EOG092R0B62	Complete	chr14_A_Pgt	591060	593219	374.0	323
EOG092R0B7A	Complete	chr9_A_Pgt	4454502	4457048	478.3	292
EOG092R0B7G	Complete	chr9_A_Pgt	3527230	3529651	501.6	349
EOG092R0B8F	Complete	chr10_A_Pgt	2465869	2469097	425.8	329
EOG092R0B9X	Complete	chr9_A_Pgt	4050213	4052605	602.5	447
EOG092R0BAK	Complete	chr18_A_Pgt	2777469	2779239	425.0	302
EOG092R0BB2	Complete	chr5_A_Pgt	4672408	4674081	589.7	302
EOG092R0BB6	Complete	chr6_A_Pgt	922951	924630	653.6	351
EOG092R0BBB	Complete	chr8_A_Pgt	4130437	4138594	330.7	454
EOG092R0BBF	Complete	chr8_A_Pgt	1552499	1554245	426.6	280
EOG092R0BBO	Complete	chr6_A_Pgt	5031790	5033813	524.0	333
EOG092R0BE6	Complete	chr5_A_Pgt	3162087	3164249	617.2	348
EOG092R0BEU	Complete	chr15_A_Pgt	1943055	1945873	505.9	505
EOG092R0BEY	Complete	chr1_A_Pgt	2175770	2177787	609.4	343
EOG092R0BF1	Missing
EOG092R0BF6	Complete	chr10_A_Pgt	4062227	4071353	414.9	270
EOG092R0BGT	Complete	chr9_A_Pgt	1296822	1299077	224.5	212
EOG092R0BH2	Complete	chr9_A_Pgt	929866	932649	492.3	514
EOG092R0BHP	Complete	chr7_A_Pgt	371837	375122	300.9	425
EOG092R0BHZ	Complete	chr13_A_Pgt	94533	95802	484.0	300
EOG092R0BJ4	Complete	chr4_A_Pgt	5745912	5751868	317.5	255
EOG092R0BK3	Complete	chr6_A_Pgt	3361440	3363003	446.7	269
EOG092R0BK6	Complete	chr8_A_Pgt	3932866	3934994	499.4	369
EOG092R0BK8	Complete	chr6_A_Pgt	3264205	3266319	406.9	363
EOG092R0BKH	Complete	chr6_A_Pgt	3690560	3693585	649.3	451
EOG092R0BKU	Complete	chr3_A_Pgt	5040499	5042579	675.4	347
EOG092R0BLA	Complete	chr11_A_Pgt	1990177	1991973	391.1	270
EOG092R0BM3	Complete	chr6_A_Pgt	4739224	4741175	415.4	277
EOG092R0BNI	Complete	chr5_A_Pgt	1885574	1889205	489.6	338
EOG092R0BNT	Fragmented	chr1_A_Pgt	5620302	5631509	372.1	287
EOG092R0BOA	Complete	chr15_A_Pgt	3344416	3346310	534.5	369
EOG092R0BPK	Complete	chr1_A_Pgt	4743138	4745080	327.1	294
EOG092R0BQB	Complete	chr10_A_Pgt	3527307	3528677	234.2	223
EOG092R0BS6	Complete	chr10_A_Pgt	484264	485927	605.4	324
EOG092R0BSN	Complete	chr17_A_Pgt	151115	152751	711.3	391
EOG092R0BTM	Complete	chr2_A_Pgt	2745891	2747704	439.0	307
EOG092R0BUS	Complete	chr1_A_Pgt	3279806	3282083	212.9	144
EOG092R0BUX	Complete	chr3_A_Pgt	159981	164219	290.2	270
EOG092R0BUY	Complete	chr5_A_Pgt	2144281	2145925	461.0	340
EOG092R0BWR	Complete	chr5_A_Pgt	3231428	3233424	261.3	261
EOG092R0BY1	Complete	chr17_A_Pgt	647657	649576	718.6	349
EOG092R0BY6	Complete	chr7_A_Pgt	3427707	3429635	460.2	335
EOG092R0BYG	Complete	chr7_A_Pgt	2689802	2691968	699.5	419
EOG092R0BZ8	Complete	chr1_A_Pgt	5819266	5821048	358.0	372
EOG092R0C0G	Complete	chr2_A_Pgt	5261012	5261884	139.8	158
EOG092R0C0P	Complete	chr17_A_Pgt	875986	881321	418.1	295
EOG092R0C13	Complete	chr13_A_Pgt	1223570	1226141	501.6	284
EOG092R0C17	Complete	chr7_A_Pgt	1411028	1412498	364.6	263
EOG092R0C1R	Complete	chr2_A_Pgt	3222644	3229431	510.8	408
EOG092R0C2U	Complete	chr3_A_Pgt	4986654	4988388	547.3	344
EOG092R0C35	Complete	chr3_A_Pgt	4899822	4901501	461.0	252
EOG092R0C3F	Complete	chr10_A_Pgt	1020400	1021824	384.4	271
EOG092R0C54	Complete	chr16_A_Pgt	747512	748936	359.4	227
EOG092R0C6Q	Complete	chr16_A_Pgt	487474	489120	632.3	342
EOG092R0C7R	Complete	chr16_A_Pgt	139325	141979	557.4	330
EOG092R0C7Y	Complete	chr11_A_Pgt	1807853	1809686	720.8	348
EOG092R0C8F	Complete	chr1_A_Pgt	4674154	4675448	373.7	306
EOG092R0C8Z	Complete	chr8_A_Pgt	4062533	4064542	388.5	351
EOG092R0C95	Complete	chr6_A_Pgt	5228032	5230106	609.6	319
EOG092R0C9A	Complete	chr4_A_Pgt	5827490	5829277	231.0	245
EOG092R0C9U	Complete	chr16_A_Pgt	1075453	1077296	719.7	374
EOG092R0CAE	Complete	chr14_A_Pgt	2544375	2546194	335.0	308
EOG092R0CAT	Complete	chr7_A_Pgt	3162875	3164855	355.7	279
EOG092R0CC7	Complete	chr7_A_Pgt	2733838	2735663	388.4	276
EOG092R0CDN	Complete	chr18_A_Pgt	53368	55080	601.8	286
EOG092R0CDU	Complete	chr6_A_Pgt	3590861	3592570	572.7	270
EOG092R0CE7	Complete	chr8_A_Pgt	478702	480561	478.6	313
EOG092R0CEA	Complete	chr11_A_Pgt	2564432	2566476	633.3	402
EOG092R0CEK	Complete	chr15_A_Pgt	1357943	1359815	411.7	335
EOG092R0CEN	Complete	chr7_A_Pgt	126265	128882	780.1	480
EOG092R0CF5	Fragmented	chr15_A_Pgt	197388	206051	580.8	353
EOG092R0CFE	Complete	chr18_A_Pgt	1568682	1570418	691.9	348
EOG092R0CH9	Complete	chr3_A_Pgt	5050833	5052238	470.9	302
EOG092R0CJ4	Complete	chr4_A_Pgt	3374717	3376879	439.2	337
EOG092R0CJ8	Complete	chr11_A_Pgt	2140403	2144365	702.0	351
EOG092R0CK5	Complete	chr4_A_Pgt	2562486	2563976	397.5	260
EOG092R0CL0	Complete	chr14_A_Pgt	787114	790291	694.4	484
EOG092R0CM9	Complete	chr1_A_Pgt	1041134	1052934	311.4	399
EOG092R0CMF	Complete	chr18_A_Pgt	1417220	1419258	485.0	371
EOG092R0CN6	Complete	chr17_A_Pgt	1225926	1233181	283.6	246
EOG092R0COJ	Complete	chr11_A_Pgt	2079714	2082758	503.0	657
EOG092R0CON	Complete	chr6_A_Pgt	5212326	5213931	556.8	298
EOG092R0CPI	Complete	chr18_A_Pgt	2653981	2657709	846.4	584
EOG092R0CQJ	Complete	chr15_A_Pgt	3320523	3322193	747.7	365
EOG092R0CQO	Complete	chr4_A_Pgt	3048418	3050886	494.1	360
EOG092R0CQT	Complete	chr6_A_Pgt	1124816	1126376	215.3	252
EOG092R0CR8	Complete	chr12_A_Pgt	368960	371283	466.5	325
EOG092R0CRJ	Complete	chr2_A_Pgt	3781615	3783544	388.3	313
EOG092R0CSC	Complete	chr5_A_Pgt	1290935	1292564	329.0	245
EOG092R0CSH	Complete	chr17_A_Pgt	2707474	2709448	630.1	324
EOG092R0CXL	Complete	chr15_A_Pgt	1785281	1787338	568.6	400
EOG092R0CZ5	Complete	chr13_A_Pgt	2953322	2955497	477.1	390
EOG092R0CZV	Complete	chr12_A_Pgt	2124782	2131827	370.4	333
EOG092R0D0J	Complete	chr11_A_Pgt	163572	165862	525.6	405
EOG092R0D1W	Complete	chr10_A_Pgt	1007226	1009898	425.6	405
EOG092R0D43	Complete	chr8_A_Pgt	4110388	4111689	161.7	170
EOG092R0D4C	Fragmented	chr1_A_Pgt	1858230	1863636	156.7	223
EOG092R0D4Y	Complete	chr4_A_Pgt	1475662	1477169	637.7	385
EOG092R0D5N	Complete	chr2_A_Pgt	5398857	5400879	488.5	332
EOG092R0D8D	Complete	chr18_A_Pgt	1762386	1763891	221.6	222
EOG092R0DAA	Duplicated	chr1_A_Pgt	4808655	4810815	210.5	297
EOG092R0DAA	Duplicated	chr3_A_Pgt	5583209	5585156	211.5	259
EOG092R0DAS	Complete	chr8_A_Pgt	450829	452603	475.9	268
EOG092R0DAX	Complete	chr13_A_Pgt	1752286	1754550	308.5	326
EOG092R0DB4	Complete	chr12_A_Pgt	1563762	1565232	428.4	268
EOG092R0DB8	Complete	chr2_A_Pgt	881321	882337	238.7	191
EOG092R0DEA	Complete	chr6_A_Pgt	55230	57055	353.9	350
EOG092R0DF6	Complete	chr3_A_Pgt	4872720	4873945	380.8	254
EOG092R0DGH	Complete	chr3_A_Pgt	5070970	5072429	380.8	249
EOG092R0DGZ	Complete	chr1_A_Pgt	6009729	6011593	583.1	296
EOG092R0DIN	Complete	chr2_A_Pgt	4559582	4560640	269.7	241
EOG092R0DJ1	Complete	chr15_A_Pgt	407417	408933	470.5	303
EOG092R0DJY	Complete	chr7_A_Pgt	4908978	4910720	525.4	282
EOG092R0DM6	Complete	chr1_A_Pgt	3810062	3811483	187.0	251
EOG092R0DN6	Complete	chr1_A_Pgt	3995584	3996961	331.6	248
EOG092R0DNQ	Complete	chr4_A_Pgt	1329706	1331915	208.4	185
EOG092R0DQX	Complete	chr1_A_Pgt	2684585	2686671	419.2	312
EOG092R0DR3	Complete	chr3_A_Pgt	5627337	5629150	666.3	279
EOG092R0DSK	Complete	chr9_A_Pgt	2961067	2962735	465.3	302
EOG092R0DTK	Complete	chr2_A_Pgt	4300353	4304212	485.7	283
EOG092R0DU9	Complete	chr5_A_Pgt	967405	973358	159.7	221
EOG092R0DWM	Complete	chr6_A_Pgt	1998840	2000497	576.8	366
EOG092R0DWR	Complete	chr3_A_Pgt	3038514	3039963	358.8	264
EOG092R0DWU	Complete	chr8_A_Pgt	1228082	1229630	498.0	350
EOG092R0DXD	Complete	chr13_A_Pgt	2150490	2152165	437.6	322
EOG092R0DZ6	Complete	chr12_A_Pgt	1642641	1645431	265.8	336
EOG092R0DZB	Complete	chr7_A_Pgt	4741664	4743269	233.9	237
EOG092R0E1C	Complete	chr3_A_Pgt	4937810	4939191	467.1	300
EOG092R0E1F	Complete	chr2_A_Pgt	228622	231595	455.4	471
EOG092R0E1V	Complete	chr6_A_Pgt	875752	877276	378.2	237
EOG092R0E21	Missing
EOG092R0E2H	Complete	chr2_A_Pgt	1980347	1981773	246.6	182
EOG092R0E2P	Complete	chr8_A_Pgt	3588347	3591002	571.2	359
EOG092R0E2X	Duplicated	chr17_A_Pgt	2651641	2653160	487.6	332
EOG092R0E2X	Duplicated	chr9_A_Pgt	3658915	3660441	491.5	362
EOG092R0E4X	Complete	chr10_A_Pgt	3624761	3626193	529.5	302
EOG092R0E6F	Complete	chr4_A_Pgt	3052988	3054426	302.9	254
EOG092R0E7Z	Missing
EOG092R0E93	Complete	chr2_A_Pgt	4837068	4838653	476.3	287
EOG092R0E9H	Complete	chr7_A_Pgt	3693983	3695893	487.9	264
EOG092R0E9K	Complete	chr5_A_Pgt	3061908	3063308	452.3	273
EOG092R0EAS	Complete	chr1_A_Pgt	3516550	3518079	207.2	277
EOG092R0EC6	Complete	chr6_A_Pgt	3289994	3291667	264.3	257
EOG092R0EEN	Complete	chr9_A_Pgt	3219290	3221038	555.5	293
EOG092R0EGG	Complete	chr5_A_Pgt	5225722	5228029	394.8	318
EOG092R0EIG	Complete	chr1_A_Pgt	3135352	3136836	555.4	326
EOG092R0EJ5	Complete	chr15_A_Pgt	1437657	1441170	538.9	308
EOG092R0EJP	Complete	chr14_A_Pgt	3202544	3205469	545.5	327
EOG092R0ELR	Complete	chr11_A_Pgt	1696407	1698110	629.5	331
EOG092R0EM4	Complete	chr5_A_Pgt	155078	156908	406.4	317
EOG092R0EN7	Complete	chr17_A_Pgt	148880	150445	371.1	328
EOG092R0ENE	Missing
EOG092R0ENX	Complete	chr16_A_Pgt	2946283	2948515	622.4	343
EOG092R0EO7	Complete	chr10_A_Pgt	3522715	3524176	255.8	212
EOG092R0EOC	Complete	chr5_A_Pgt	1480048	1481577	372.7	288
EOG092R0EPM	Complete	chr6_A_Pgt	546094	548030	480.3	311
EOG092R0EPO	Complete	chr8_A_Pgt	1997875	1999617	589.0	283
EOG092R0EQ9	Complete	chr5_A_Pgt	4818314	4820925	534.3	355
EOG092R0EQS	Complete	chr5_A_Pgt	596093	598498	221.6	177
EOG092R0ERM	Complete	chr6_A_Pgt	710129	716453	187.3	294
EOG092R0ESY	Complete	chr1_A_Pgt	2982366	2984277	241.8	234
EOG092R0EUG	Complete	chr8_A_Pgt	67428	73213	105.6	130
EOG092R0EVO	Complete	chr9_A_Pgt	1657040	1660310	341.8	401
EOG092R0EWK	Complete	chr7_A_Pgt	3929111	3930866	272.7	274
EOG092R0EXY	Complete	chr18_A_Pgt	1451627	1453250	398.8	271
EOG092R0EY7	Complete	chr14_A_Pgt	1575311	1583480	225.3	271
EOG092R0F09	Complete	chr1_A_Pgt	1218022	1220446	708.0	431
EOG092R0F1M	Complete	chr2_A_Pgt	3924684	3925716	160.6	149
EOG092R0F24	Complete	chr15_A_Pgt	1137765	1138675	209.6	174
EOG092R0F25	Complete	chr5_A_Pgt	2660590	2666387	140.8	142
EOG092R0F34	Complete	chr13_A_Pgt	293019	298701	296.7	210
EOG092R0F3N	Complete	chr1_A_Pgt	215962	217340	238.4	218
EOG092R0F4T	Complete	chr8_A_Pgt	2174450	2176160	547.0	397
EOG092R0F52	Complete	chr1_A_Pgt	3633954	3635714	500.3	302
EOG092R0F5V	Complete	chr11_A_Pgt	397711	400031	380.8	447
EOG092R0F5X	Complete	chr7_A_Pgt	1171042	1173564	546.4	304
EOG092R0F64	Complete	chr18_A_Pgt	679566	681350	369.2	245
EOG092R0F67	Complete	chr6_A_Pgt	1662574	1664061	312.3	277
EOG092R0F74	Complete	chr13_A_Pgt	2566651	2568104	586.9	306
EOG092R0F76	Complete	chr14_A_Pgt	1847500	1849737	415.4	292
EOG092R0F7R	Complete	chr2_A_Pgt	1651142	1653129	419.4	268
EOG092R0F8A	Complete	chr16_A_Pgt	805629	808528	392.0	504
EOG092R0FAM	Complete	chr3_A_Pgt	160384	161967	118.3	165
EOG092R0FAZ	Complete	chr4_A_Pgt	1293089	1294535	484.8	268
EOG092R0FCI	Complete	chr18_A_Pgt	2799922	2801758	325.8	200
EOG092R0FCN	Complete	chr16_A_Pgt	1372646	1374354	443.9	322
EOG092R0FDD	Complete	chr1_A_Pgt	5889820	5891308	206.7	260
EOG092R0FFP	Complete	chr9_A_Pgt	4083823	4085405	261.7	218
EOG092R0FIM	Complete	chr4_A_Pgt	591420	593299	237.9	244
EOG092R0FJL	Complete	chr11_A_Pgt	2271280	2272779	443.9	326
EOG092R0FKC	Complete	chr10_A_Pgt	1736926	1738101	427.6	244
EOG092R0FLV	Complete	chr7_A_Pgt	104196	105591	367.5	232
EOG092R0FOA	Complete	chr12_A_Pgt	2127109	2128958	554.8	268
EOG092R0FOI	Complete	chr7_A_Pgt	2832628	2844250	344.4	306
EOG092R0FOM	Complete	chr18_A_Pgt	1767217	1769070	550.7	285
EOG092R0FP6	Complete	chr3_A_Pgt	2467121	2468571	466.2	265
EOG092R0FPZ	Complete	chr2_A_Pgt	4759074	4760787	494.8	298
EOG092R0FQ5	Complete	chr2_A_Pgt	2320068	2321910	274.9	213
EOG092R0FQB	Complete	chr2_A_Pgt	940176	941395	439.4	204
EOG092R0FRD	Complete	chr5_A_Pgt	1172168	1173191	235.4	132
EOG092R0FRL	Complete	chr10_A_Pgt	3811402	3813150	452.4	311
EOG092R0FRY	Complete	chr14_A_Pgt	3127047	3129096	416.3	355
EOG092R0FS2	Complete	chr10_A_Pgt	3456300	3459467	437.1	262
EOG092R0FSA	Complete	chr1_A_Pgt	4969870	4971552	461.2	314
EOG092R0FSQ	Complete	chr9_A_Pgt	2256313	2257898	332.7	212
EOG092R0FTB	Complete	chr6_A_Pgt	4320934	4322682	524.2	296
EOG092R0FU7	Complete	chr5_A_Pgt	5135289	5136656	383.7	218
EOG092R0FWB	Complete	chr11_A_Pgt	1033215	1037325	287.0	228
EOG092R0FZH	Complete	chr4_A_Pgt	2425815	2428338	103.7	133
EOG092R0FZK	Complete	chr3_A_Pgt	5702749	5704010	338.9	252
EOG092R0G14	Complete	chr4_A_Pgt	1506147	1507626	278.7	284
EOG092R0G52	Complete	chr2_A_Pgt	2265150	2266458	103.8	143
EOG092R0G64	Complete	chr16_A_Pgt	1145503	1146995	366.2	367
EOG092R0G68	Complete	chr8_A_Pgt	2116855	2118695	174.7	273
EOG092R0G9F	Complete	chr3_A_Pgt	5527029	5528370	319.7	232
EOG092R0G9L	Complete	chr1_A_Pgt	283715	285268	395.2	267
EOG092R0GA6	Complete	chr15_A_Pgt	2471012	2472390	288.5	202
EOG092R0GBD	Complete	chr16_A_Pgt	1526786	1529155	473.6	418
EOG092R0GCI	Complete	chr12_A_Pgt	3880028	3881261	388.9	236
EOG092R0GFL	Complete	chr3_A_Pgt	3610221	3611969	516.6	272
EOG092R0GFN	Complete	chr13_A_Pgt	2575557	2577252	520.4	288
EOG092R0GG7	Complete	chr8_A_Pgt	1782690	1784716	312.8	264
EOG092R0GGJ	Complete	chr9_A_Pgt	3736485	3737807	323.9	224
EOG092R0GHG	Complete	chr4_A_Pgt	1224498	1226729	229.4	351
EOG092R0GHH	Complete	chr5_A_Pgt	4365267	4368236	259.2	327
EOG092R0GIT	Complete	chr5_A_Pgt	5473855	5475188	431.0	308
EOG092R0GJ9	Complete	chr4_A_Pgt	2699407	2700991	436.9	288
EOG092R0GKM	Complete	chr17_A_Pgt	1802495	1803928	370.3	254
EOG092R0GLU	Complete	chr5_A_Pgt	3065896	3067148	277.9	221
EOG092R0GLY	Complete	chr2_A_Pgt	430592	432268	396.0	229
EOG092R0GN4	Complete	chr2_A_Pgt	5900886	5902406	415.6	249
EOG092R0GNS	Complete	chr14_A_Pgt	2901574	2903055	412.2	268
EOG092R0GO4	Complete	chr7_A_Pgt	2489154	2490467	407.1	256
EOG092R0GO5	Complete	chr1_A_Pgt	3609692	3611535	404.1	278
EOG092R0GQ1	Complete	chr5_A_Pgt	4107917	4109018	241.2	195
EOG092R0GRB	Complete	chr3_A_Pgt	3411098	3413058	450.7	325
EOG092R0GS9	Complete	chr13_A_Pgt	273475	275167	499.2	294
EOG092R0GT4	Complete	chr7_A_Pgt	1553953	1555440	318.9	234
EOG092R0GTJ	Complete	chr11_A_Pgt	4207632	4209144	476.2	261
EOG092R0GU0	Complete	chr6_A_Pgt	3960850	3962177	319.4	241
EOG092R0GUF	Complete	chr4_A_Pgt	1512516	1513641	347.5	228
EOG092R0GUH	Complete	chr18_A_Pgt	30261	31726	531.2	263
EOG092R0GUK	Complete	chr1_A_Pgt	786466	787889	329.5	253
EOG092R0GUL	Complete	chr12_A_Pgt	1562123	1563564	186.8	227
EOG092R0GWI	Complete	chr11_A_Pgt	3892163	3901200	113.4	74
EOG092R0GX1	Complete	chr3_A_Pgt	4858787	4860919	439.1	315
EOG092R0GXT	Complete	chr6_A_Pgt	479829	481287	141.5	251
EOG092R0GYO	Complete	chr17_A_Pgt	927811	929449	539.8	267
EOG092R0GZC	Complete	chr6_A_Pgt	2466646	2467974	354.7	213
EOG092R0GZG	Complete	chr8_A_Pgt	2721751	2723206	286.2	216
EOG092R0GZP	Complete	chr2_A_Pgt	2679174	2681036	219.9	184
EOG092R0H00	Complete	chr5_A_Pgt	918810	920744	324.0	282
EOG092R0H11	Missing
EOG092R0H3E	Complete	chr16_A_Pgt	769051	771237	571.5	550
EOG092R0H3G	Complete	chr17_A_Pgt	686088	687247	119.8	126
EOG092R0H4U	Complete	chr12_A_Pgt	3706716	3708355	273.1	194
EOG092R0H5C	Complete	chr9_A_Pgt	2424108	2425736	308.3	220
EOG092R0H62	Fragmented	chr11_A_Pgt	4006052	4012828	108.8	175
EOG092R0H6M	Complete	chr2_A_Pgt	97001	98538	430.1	269
EOG092R0H6Z	Complete	chr1_A_Pgt	4423823	4430108	464.4	302
EOG092R0H8R	Complete	chr2_A_Pgt	2737161	2738955	267.5	197
EOG092R0H91	Complete	chr12_A_Pgt	1546472	1548383	355.3	222
EOG092R0H9A	Complete	chr6_A_Pgt	2844887	2845871	334.1	197
EOG092R0H9C	Complete	chr11_A_Pgt	1847711	1848783	238.9	253
EOG092R0H9E	Complete	chr3_A_Pgt	2165776	2168458	344.9	211
EOG092R0H9Y	Complete	chr14_A_Pgt	824125	825809	529.4	262
EOG092R0HA8	Complete	chr3_A_Pgt	4770321	4771759	261.3	201
EOG092R0HB1	Complete	chr10_A_Pgt	1776922	1778153	400.6	265
EOG092R0HCF	Complete	chr18_A_Pgt	435369	436344	314.1	191
EOG092R0HDR	Complete	chr1_A_Pgt	3006428	3013103	141.0	231
EOG092R0HEY	Complete	chr15_A_Pgt	866864	869185	518.7	376
EOG092R0HFL	Complete	chr7_A_Pgt	1416066	1417608	419.5	233
EOG092R0HG0	Complete	chr3_A_Pgt	357862	359624	433.8	253
EOG092R0HHR	Complete	chr5_A_Pgt	4804722	4810834	170.1	231
EOG092R0HHS	Complete	chr4_A_Pgt	2721647	2723228	351.1	252
EOG092R0HHV	Complete	chr18_A_Pgt	2224430	2226130	318.2	264
EOG092R0HKX	Complete	chr1_A_Pgt	3754400	3755866	319.4	212
EOG092R0HLQ	Missing
EOG092R0HNM	Duplicated	chr3_A_Pgt	5296117	5297247	241.6	189
EOG092R0HNM	Duplicated	chr3_A_Pgt	5325969	5327105	241.2	189
EOG092R0HNU	Complete	chr1_A_Pgt	237707	238998	425.9	215
EOG092R0HNX	Complete	chr1_A_Pgt	2744959	2746382	360.2	216
EOG092R0HP9	Complete	chr18_A_Pgt	56775	58204	223.3	209
EOG092R0HPF	Complete	chr1_A_Pgt	5745115	5746640	332.8	221
EOG092R0HRZ	Complete	chr4_A_Pgt	527203	529050	459.2	247
EOG092R0HSR	Complete	chr4_A_Pgt	5082656	5084661	117.5	171
EOG092R0HTG	Complete	chr3_A_Pgt	5744184	5745594	224.1	171
EOG092R0HTQ	Fragmented	chr1_A_Pgt	2820395	2829711	345.0	324
EOG092R0HU8	Complete	chr17_A_Pgt	341670	344157	553.7	357
EOG092R0HUD	Complete	chr3_A_Pgt	27043	28836	344.2	251
EOG092R0HUS	Complete	chr2_A_Pgt	3495535	3497119	370.2	235
EOG092R0HUT	Complete	chr8_A_Pgt	607284	611688	266.0	249
EOG092R0HV1	Complete	chr7_A_Pgt	1723162	1724439	256.3	196
EOG092R0HVD	Complete	chr11_A_Pgt	4539663	4541010	356.4	211
EOG092R0HVM	Complete	chr7_A_Pgt	4424515	4426143	335.2	216
EOG092R0HVW	Complete	chr1_A_Pgt	224618	226933	355.7	302
EOG092R0HVX	Complete	chr1_A_Pgt	5715687	5718601	137.1	120
EOG092R0HWE	Complete	chr16_A_Pgt	2248770	2254112	365.2	272
EOG092R0HX3	Complete	chr7_A_Pgt	1033531	1035982	296.9	249
EOG092R0HZT	Complete	chr7_A_Pgt	4837675	4842873	500.8	300
EOG092R0I06	Complete	chr1_A_Pgt	1830025	1831571	303.2	241
EOG092R0I0W	Complete	chr15_A_Pgt	2049334	2051046	362.2	275
EOG092R0I1Q	Complete	chr10_A_Pgt	4419826	4421972	393.6	356
EOG092R0I2Q	Complete	chr6_A_Pgt	792640	794234	345.6	274
EOG092R0I40	Complete	chr1_A_Pgt	4337589	4339071	231.8	278
EOG092R0I4I	Complete	chr17_A_Pgt	3216904	3218646	273.2	240
EOG092R0I55	Complete	chr6_A_Pgt	3848305	3849422	260.0	202
EOG092R0I5K	Complete	chr5_A_Pgt	5196890	5198081	166.0	183
EOG092R0I6A	Fragmented	chr6_A_Pgt	4291473	4301195	198.1	120
EOG092R0I91	Complete	chr2_A_Pgt	116134	117412	366.4	238
EOG092R0I97	Complete	chr9_A_Pgt	3361054	3362634	561.0	296
EOG092R0I9G	Complete	chr10_A_Pgt	765831	767716	297.1	219
EOG092R0IBO	Complete	chr8_A_Pgt	1115830	1117602	346.3	254
EOG092R0IBZ	Complete	chr10_A_Pgt	4494842	4495854	217.1	191
EOG092R0IC5	Complete	chr3_A_Pgt	5602244	5603633	296.8	201
EOG092R0ICU	Complete	chr8_A_Pgt	4993824	4999627	268.4	242
EOG092R0IFA	Complete	chr10_A_Pgt	3242425	3243905	284.1	273
EOG092R0II2	Complete	chr18_A_Pgt	2658060	2659303	188.6	228
EOG092R0IJ0	Complete	chr5_A_Pgt	2074236	2075977	393.0	288
EOG092R0IL3	Missing
EOG092R0IM4	Complete	chr1_A_Pgt	2080395	2081665	449.8	230
EOG092R0IMW	Complete	chr7_A_Pgt	2764181	2770076	94.0	175
EOG092R0IN4	Complete	chr18_A_Pgt	551036	552154	242.2	180
EOG092R0IO1	Complete	chr7_A_Pgt	3646414	3648224	244.2	207
EOG092R0IOJ	Fragmented	chr12_A_Pgt	2222488	2233038	315.5	216
EOG092R0IP8	Complete	chr1_A_Pgt	4404245	4405661	449.6	281
EOG092R0IPH	Complete	chr9_A_Pgt	4000411	4001455	316.4	181
EOG092R0IPT	Complete	chr2_A_Pgt	3367474	3368778	179.5	153
EOG092R0IPY	Complete	chr1_A_Pgt	112109	113327	261.3	208
EOG092R0IQT	Complete	chr3_A_Pgt	4967567	4968858	176.0	150
EOG092R0IR0	Complete	chr10_A_Pgt	393904	394857	171.2	160
EOG092R0IR4	Complete	chr9_A_Pgt	367276	372098	305.7	214
EOG092R0IRO	Complete	chr15_A_Pgt	1126540	1127814	421.1	210
EOG092R0ISI	Complete	chr8_A_Pgt	553663	555226	449.0	264
EOG092R0ITD	Missing
EOG092R0IUN	Complete	chr8_A_Pgt	3286175	3287373	529.5	276
EOG092R0IUS	Complete	chr8_A_Pgt	2656765	2663489	512.0	703
EOG092R0IY1	Complete	chr14_A_Pgt	2689353	2690796	403.8	225
EOG092R0IY8	Complete	chr17_A_Pgt	1142294	1143600	198.9	232
EOG092R0J0M	Complete	chr12_A_Pgt	1261460	1264863	297.5	517
EOG092R0J19	Complete	chr3_A_Pgt	4751170	4753082	291.1	289
EOG092R0J2R	Complete	chr4_A_Pgt	461011	462041	300.9	183
EOG092R0J38	Complete	chr5_A_Pgt	1899200	1909970	98.3	191
EOG092R0J3L	Complete	chr8_A_Pgt	3866547	3868469	230.7	198
EOG092R0J4X	Complete	chr7_A_Pgt	696305	697609	294.8	205
EOG092R0J54	Complete	chr12_A_Pgt	1979851	1981115	459.4	239
EOG092R0J7Z	Complete	chr2_A_Pgt	5044486	5045184	257.9	197
EOG092R0JAY	Complete	chr13_A_Pgt	1039856	1041428	197.3	226
EOG092R0JB8	Complete	chr1_A_Pgt	5574037	5575143	346.2	221
EOG092R0JBC	Complete	chr7_A_Pgt	495007	496374	388.5	241
EOG092R0JCZ	Complete	chr6_A_Pgt	4402636	4403703	154.0	175
EOG092R0JF0	Complete	chr12_A_Pgt	205248	206398	317.3	213
EOG092R0JFN	Complete	chr3_A_Pgt	63197	64309	209.9	178
EOG092R0JFS	Complete	chr5_A_Pgt	5004000	5005002	164.4	108
EOG092R0JGQ	Complete	chr18_A_Pgt	212604	213994	387.5	237
EOG092R0JHD	Complete	chr4_A_Pgt	5857702	5859304	387.8	312
EOG092R0JI2	Complete	chr5_A_Pgt	4994998	4996229	335.4	153
EOG092R0JLJ	Complete	chr2_A_Pgt	4342069	4344300	131.0	161
EOG092R0JMT	Complete	chr2_A_Pgt	3598988	3600527	252.1	268
EOG092R0JO3	Complete	chr17_A_Pgt	2005491	2006757	357.0	243
EOG092R0JOD	Complete	chr15_A_Pgt	1172679	1173643	206.0	190
EOG092R0JOQ	Complete	chr5_A_Pgt	1181235	1182596	273.6	244
EOG092R0JP7	Complete	chr4_A_Pgt	2727614	2729315	404.8	299
EOG092R0JQ5	Missing
EOG092R0JQS	Complete	chr3_A_Pgt	2622246	2624490	279.9	245
EOG092R0JRS	Complete	chr3_A_Pgt	3746714	3750500	253.4	259
EOG092R0JSR	Complete	chr3_A_Pgt	488011	488980	314.3	182
EOG092R0JTZ	Complete	chr4_A_Pgt	3545593	3547023	394.7	239
EOG092R0JVE	Complete	chr4_A_Pgt	4479176	4480808	258.7	170
EOG092R0JVF	Complete	chr7_A_Pgt	3439935	3441336	285.2	195
EOG092R0JVI	Complete	chr9_A_Pgt	1282029	1283188	176.5	155
EOG092R0JW1	Complete	chr14_A_Pgt	731822	735068	155.4	146
EOG092R0JWL	Complete	chr11_A_Pgt	4542952	4544294	240.7	258
EOG092R0JWU	Complete	chr18_A_Pgt	273599	275793	168.0	143
EOG092R0JXF	Complete	chr10_A_Pgt	697574	698460	296.8	172
EOG092R0JXG	Complete	chr8_A_Pgt	1729322	1730390	244.2	206
EOG092R0JY0	Complete	chr8_A_Pgt	475735	477272	400.3	337
EOG092R0JYJ	Complete	chr2_A_Pgt	3339889	3341635	253.1	202
EOG092R0JYK	Complete	chr5_A_Pgt	1317662	1319416	472.5	289
EOG092R0JZP	Complete	chr6_A_Pgt	3308185	3309396	326.0	198
EOG092R0K1D	Complete	chr2_A_Pgt	5850965	5851995	214.7	140
EOG092R0K4F	Complete	chr2_A_Pgt	3032909	3034488	258.1	242
EOG092R0K51	Complete	chr15_A_Pgt	2060890	2062348	423.2	217
EOG092R0K5I	Fragmented	chr2_A_Pgt	1953182	1963607	148.3	175
EOG092R0K5L	Complete	chr1_A_Pgt	5623463	5624598	250.6	212
EOG092R0K67	Complete	chr7_A_Pgt	2495261	2499754	384.1	251
EOG092R0K6S	Complete	chr8_A_Pgt	5032642	5034452	118.3	176
EOG092R0K73	Complete	chr3_A_Pgt	4920833	4923417	247.7	160
EOG092R0K7F	Complete	chr16_A_Pgt	235364	237348	244.6	280
EOG092R0K7J	Complete	chr3_A_Pgt	5158695	5168931	196.4	220
EOG092R0K82	Complete	chr6_A_Pgt	3075707	3077090	287.6	216
EOG092R0K85	Complete	chr4_A_Pgt	2656731	2658721	269.8	279
EOG092R0K96	Complete	chr5_A_Pgt	4305628	4307040	466.2	475
EOG092R0KA8	Complete	chr4_A_Pgt	4512696	4513547	234.8	196
EOG092R0KAX	Complete	chr5_A_Pgt	1843182	1844325	268.9	176
EOG092R0KB9	Complete	chr11_A_Pgt	2760582	2761739	215.6	158
EOG092R0KCV	Complete	chr7_A_Pgt	3587869	3589183	307.3	215
EOG092R0KDZ	Complete	chr18_A_Pgt	2207163	2208290	435.7	215
EOG092R0KE0	Complete	chr12_A_Pgt	240670	241906	303.4	212
EOG092R0KED	Missing
EOG092R0KF4	Complete	chr3_A_Pgt	2959235	2960408	160.7	169
EOG092R0KH0	Complete	chr3_A_Pgt	553436	554255	141.6	170
EOG092R0KHQ	Complete	chr9_A_Pgt	2646205	2648642	565.8	419
EOG092R0KI1	Complete	chr3_A_Pgt	4963096	4963964	364.4	171
EOG092R0KI5	Complete	chr2_A_Pgt	2344968	2346449	179.6	198
EOG092R0KIU	Complete	chr17_A_Pgt	1692676	1693854	468.5	279
EOG092R0KIX	Complete	chr7_A_Pgt	1710069	1711418	349.3	207
EOG092R0KJJ	Complete	chr6_A_Pgt	491866	493604	265.0	203
EOG092R0KK9	Complete	chr16_A_Pgt	344406	345474	185.4	169
EOG092R0KKU	Complete	chr1_A_Pgt	440852	442293	372.1	192
EOG092R0KL3	Complete	chr4_A_Pgt	158635	160131	217.9	197
EOG092R0KLB	Complete	chr1_A_Pgt	4837249	4838566	394.1	269
EOG092R0KN3	Complete	chr7_A_Pgt	2644724	2646642	283.0	223
EOG092R0KO7	Complete	chr5_A_Pgt	672896	674198	345.1	234
EOG092R0KOB	Complete	chr11_A_Pgt	3402492	3403712	278.5	217
EOG092R0KOW	Complete	chr12_A_Pgt	2225700	2226707	345.3	175
EOG092R0KP0	Complete	chr4_A_Pgt	3679910	3681198	281.7	219
EOG092R0KQA	Complete	chr9_A_Pgt	2180503	2182073	89.6	191
EOG092R0KR3	Complete	chr12_A_Pgt	750022	751314	206.1	141
EOG092R0KRN	Complete	chr11_A_Pgt	2228586	2229944	257.9	173
EOG092R0KRT	Complete	chr5_A_Pgt	2832674	2833754	318.1	197
EOG092R0KS0	Complete	chr6_A_Pgt	1896994	1898018	191.6	181
EOG092R0KT6	Complete	chr10_A_Pgt	3626458	3627407	243.0	143
EOG092R0KW0	Complete	chr3_A_Pgt	3533538	3534842	179.9	193
EOG092R0KXT	Complete	chr4_A_Pgt	1039035	1040214	233.3	168
EOG092R0KXW	Complete	chr15_A_Pgt	710704	716701	325.4	175
EOG092R0KYN	Complete	chr6_A_Pgt	625968	627264	260.3	188
EOG092R0KZK	Complete	chr10_A_Pgt	2735569	2736629	367.1	171
EOG092R0L04	Complete	chr12_A_Pgt	1295439	1297902	331.9	367
EOG092R0L0R	Complete	chr1_A_Pgt	5975598	5976535	241.4	149
EOG092R0L1J	Complete	chr7_A_Pgt	2466500	2468099	400.2	194
EOG092R0L1O	Complete	chr11_A_Pgt	4014996	4016431	251.3	230
EOG092R0L2H	Complete	chr7_A_Pgt	846531	856991	218.2	315
EOG092R0L3B	Complete	chr15_A_Pgt	3156959	3158194	238.3	197
EOG092R0L3D	Complete	chr1_A_Pgt	719313	720238	328.1	244
EOG092R0L43	Complete	chr14_A_Pgt	1251531	1258409	123.0	233
EOG092R0L57	Complete	chr9_A_Pgt	3889166	3895673	149.6	190
EOG092R0L76	Complete	chr5_A_Pgt	1753994	1755173	408.9	189
EOG092R0L95	Complete	chr16_A_Pgt	152336	153345	341.4	198
EOG092R0L9D	Complete	chr6_A_Pgt	26422	27768	300.6	218
EOG092R0LAR	Complete	chr16_A_Pgt	1210457	1212677	390.9	276
EOG092R0LEB	Complete	chr12_A_Pgt	3692250	3693878	203.3	240
EOG092R0LEP	Complete	chr3_A_Pgt	5690256	5692001	409.9	219
EOG092R0LIS	Complete	chr15_A_Pgt	3012245	3014455	514.1	316
EOG092R0LJB	Complete	chr7_A_Pgt	2781500	2782245	208.4	133
EOG092R0LJS	Missing
EOG092R0LLW	Duplicated	chr16_A_Pgt	2955307	2956392	339.5	185
EOG092R0LLW	Duplicated	chr16_A_Pgt	3007452	3008539	339.5	185
EOG092R0LOV	Complete	chr2_A_Pgt	2218363	2219133	213.0	147
EOG092R0LP1	Fragmented	chr5_A_Pgt	3959017	3965871	320.1	317
EOG092R0LPA	Complete	chr5_A_Pgt	4656623	4657700	340.3	187
EOG092R0LQ1	Complete	chr5_A_Pgt	1610662	1611836	307.6	171
EOG092R0LSC	Complete	chr11_A_Pgt	3772393	3773433	299.2	186
EOG092R0LT9	Missing
EOG092R0LTJ	Complete	chr5_A_Pgt	3689379	3692156	233.0	425
EOG092R0LTN	Complete	chr4_A_Pgt	3549822	3550730	179.5	140
EOG092R0LTO	Missing
EOG092R0LUS	Complete	chr8_A_Pgt	4331061	4333772	90.7	129
EOG092R0LVW	Complete	chr1_A_Pgt	943558	944406	218.4	159
EOG092R0LW2	Complete	chr8_A_Pgt	3908684	3910250	262.6	277
EOG092R0LW9	Complete	chr9_A_Pgt	423405	424357	223.2	143
EOG092R0LY7	Complete	chr4_A_Pgt	5768523	5770359	96.1	210
EOG092R0LYG	Complete	chr13_A_Pgt	887666	889050	196.7	158
EOG092R0LZX	Complete	chr18_A_Pgt	1002042	1003469	206.2	294
EOG092R0M21	Complete	chr6_A_Pgt	4181347	4182991	254.9	186
EOG092R0M3R	Complete	chr9_A_Pgt	4252670	4254230	330.8	202
EOG092R0M42	Complete	chr12_A_Pgt	2365050	2366215	471.7	232
EOG092R0M5K	Complete	chr12_A_Pgt	1584817	1585898	180.8	191
EOG092R0M60	Complete	chr15_A_Pgt	593580	594778	371.9	201
EOG092R0M62	Complete	chr3_A_Pgt	5736048	5737795	237.9	227
EOG092R0M8R	Missing
EOG092R0M9E	Complete	chr1_A_Pgt	2102504	2103555	330.2	176
EOG092R0M9J	Complete	chr1_A_Pgt	1336692	1337856	211.0	118
EOG092R0MAA	Complete	chr18_A_Pgt	2793019	2794273	307.8	157
EOG092R0MAC	Fragmented	chr9_A_Pgt	2367035	2372849	241.7	232
EOG092R0MAZ	Complete	chr3_A_Pgt	2090959	2092158	228.6	189
EOG092R0MBH	Complete	chr8_A_Pgt	3719355	3720802	274.7	223
EOG092R0MDW	Complete	chr5_A_Pgt	5303836	5305035	253.7	164
EOG092R0MEM	Complete	chr17_A_Pgt	783615	785255	275.1	234
EOG092R0MFG	Complete	chr12_A_Pgt	1579128	1580236	224.4	163
EOG092R0MGP	Complete	chr15_A_Pgt	1015412	1016583	198.1	145
EOG092R0MGX	Complete	chr3_A_Pgt	197559	200374	349.7	265
EOG092R0MJ9	Complete	chr3_A_Pgt	2210086	2219906	104.4	185
EOG092R0MJK	Complete	chr11_A_Pgt	2414406	2415303	341.5	180
EOG092R0MJU	Complete	chr13_A_Pgt	231521	232296	172.8	127
EOG092R0MKD	Complete	chr7_A_Pgt	4639844	4641276	303.5	211
EOG092R0MLD	Complete	chr7_A_Pgt	218391	219889	255.3	148
EOG092R0MMA	Complete	chr4_A_Pgt	5859952	5861621	228.9	169
EOG092R0MMV	Complete	chr18_A_Pgt	554052	555082	338.3	179
EOG092R0MO6	Complete	chr2_A_Pgt	1939963	1941232	256.9	157
EOG092R0MO9	Complete	chr3_A_Pgt	638055	639267	324.7	218
EOG092R0MQD	Complete	chr1_A_Pgt	5475484	5476447	289.7	202
EOG092R0MRI	Complete	chr14_A_Pgt	456586	457711	249.0	125
EOG092R0MRQ	Missing
EOG092R0MSR	Complete	chr13_A_Pgt	135663	137485	96.4	81
EOG092R0MU5	Complete	chr13_A_Pgt	833701	834897	254.2	192
EOG092R0MUQ	Fragmented	chr4_A_Pgt	3790727	3796735	372.0	180
EOG092R0MWE	Complete	chr9_A_Pgt	4183402	4187223	217.2	230
EOG092R0MWK	Fragmented	chr1_A_Pgt	5236915	5242728	183.4	170
EOG092R0MWX	Complete	chr2_A_Pgt	3964155	3965535	254.6	191
EOG092R0MXM	Complete	chr12_A_Pgt	476514	477539	128.4	111
EOG092R0MXX	Complete	chr7_A_Pgt	176917	177643	217.8	151
EOG092R0MYJ	Complete	chr12_A_Pgt	2820735	2821831	351.1	160
EOG092R0MZJ	Complete	chr1_A_Pgt	4839880	4842090	367.9	271
EOG092R0MZO	Complete	chr3_A_Pgt	2267928	2268861	125.6	91
EOG092R0N1R	Complete	chr4_A_Pgt	5848284	5849074	340.1	170
EOG092R0N2B	Duplicated	chr3_A_Pgt	5652449	5658631	77.6	91
EOG092R0N2B	Duplicated	chr8_A_Pgt	2947415	2951079	78.1	139
EOG092R0N2X	Complete	chr5_A_Pgt	5450589	5451765	159.0	192
EOG092R0N34	Complete	chr12_A_Pgt	747315	748235	254.6	162
EOG092R0N37	Complete	chr3_A_Pgt	5882514	5885642	254.5	168
EOG092R0N3K	Complete	chr10_A_Pgt	1901500	1907147	244.2	151
EOG092R0N3P	Complete	chr4_A_Pgt	5330057	5331172	240.3	204
EOG092R0N43	Complete	chr5_A_Pgt	5181127	5182778	235.1	155
EOG092R0N4K	Complete	chr2_A_Pgt	118498	120004	301.2	218
EOG092R0N57	Complete	chr3_A_Pgt	2500373	2501907	220.5	277
EOG092R0N6R	Complete	chr3_A_Pgt	5183483	5184875	417.9	228
EOG092R0N6Y	Complete	chr6_A_Pgt	2642355	2643258	273.6	168
EOG092R0N7A	Complete	chr8_A_Pgt	2715843	2716892	299.7	157
EOG092R0N8E	Complete	chr3_A_Pgt	474791	475935	286.1	190
EOG092R0N94	Missing
EOG092R0N98	Complete	chr9_A_Pgt	4085740	4086843	215.7	134
EOG092R0NAG	Complete	chr14_A_Pgt	82950	84127	200.6	172
EOG092R0NAJ	Complete	chr14_A_Pgt	350820	352006	214.9	155
EOG092R0NAM	Complete	chr1_A_Pgt	4636773	4638444	273.3	222
EOG092R0NC7	Complete	chr12_A_Pgt	1328234	1329077	128.6	110
EOG092R0NCM	Complete	chr2_A_Pgt	302852	303869	180.4	140
EOG092R0NCS	Complete	chr9_A_Pgt	113142	114584	301.1	241
EOG092R0NED	Complete	chr9_A_Pgt	871293	872530	219.4	167
EOG092R0NF1	Missing
EOG092R0NFZ	Complete	chr18_A_Pgt	869039	869931	284.4	165
EOG092R0NGS	Complete	chr8_A_Pgt	673084	674120	266.4	158
EOG092R0NHF	Complete	chr13_A_Pgt	2625302	2629598	233.7	184
EOG092R0NHH	Complete	chr1_A_Pgt	321087	322485	235.2	152
EOG092R0NIR	Complete	chr17_A_Pgt	338251	339289	283.1	181
EOG092R0NJ2	Complete	chr7_A_Pgt	4357072	4358345	164.6	140
EOG092R0NJW	Complete	chr8_A_Pgt	819865	821356	251.7	194
EOG092R0NKU	Complete	chr8_A_Pgt	1264933	1266374	267.6	169
EOG092R0NL4	Complete	chr3_A_Pgt	3661819	3663034	137.7	109
EOG092R0NL5	Complete	chr1_A_Pgt	5286148	5287219	187.5	160
EOG092R0NL8	Complete	chr3_A_Pgt	3070960	3071863	167.1	144
EOG092R0NLE	Complete	chr10_A_Pgt	3482298	3483461	172.7	134
EOG092R0NLS	Complete	chr1_A_Pgt	2469358	2470607	250.2	172
EOG092R0NLZ	Complete	chr4_A_Pgt	1137151	1137892	132.2	108
EOG092R0NNF	Complete	chr5_A_Pgt	784680	787951	182.2	131
EOG092R0NNM	Complete	chr5_A_Pgt	1510851	1513363	186.1	149
EOG092R0NOG	Complete	chr9_A_Pgt	84728	85630	330.1	161
EOG092R0NPD	Complete	chr5_A_Pgt	310798	312498	399.1	284
EOG092R0NQ0	Complete	chr17_A_Pgt	1671591	1672914	215.8	125
EOG092R0NQO	Complete	chr13_A_Pgt	212495	213432	127.8	138
EOG092R0NSH	Complete	chr18_A_Pgt	1064272	1065392	298.2	171
EOG092R0NUQ	Complete	chr11_A_Pgt	2338600	2339630	257.4	142
EOG092R0NWK	Complete	chr5_A_Pgt	2408127	2409464	249.4	136
EOG092R0NWY	Complete	chr15_A_Pgt	1671130	1672735	232.3	233
EOG092R0NX5	Complete	chr2_A_Pgt	1530713	1531620	315.2	165
EOG092R0NY4	Complete	chr11_A_Pgt	4078253	4079319	264.5	138
EOG092R0NYP	Complete	chr7_A_Pgt	4384946	4386193	159.2	166
EOG092R0NZ8	Complete	chr10_A_Pgt	3018180	3018952	216.6	136
EOG092R0O02	Complete	chr11_A_Pgt	170707	171775	242.4	159
EOG092R0O2S	Complete	chr8_A_Pgt	2627130	2628447	224.3	289
EOG092R0O4D	Complete	chr13_A_Pgt	424216	430407	154.9	214
EOG092R0O53	Complete	chr1_A_Pgt	4180073	4181088	225.0	156
EOG092R0O57	Complete	chr2_A_Pgt	5259246	5260395	162.2	115
EOG092R0O5N	Complete	chr8_A_Pgt	769520	770656	243.6	126
EOG092R0O72	Complete	chr9_A_Pgt	3471079	3471921	183.3	132
EOG092R0O8O	Complete	chr14_A_Pgt	546889	547827	203.8	137
EOG092R0O9O	Complete	chr9_A_Pgt	1300066	1301057	268.8	151
EOG092R0OBL	Complete	chr5_A_Pgt	637874	643855	83.3	95
EOG092R0OBY	Missing
EOG092R0OCP	Complete	chr7_A_Pgt	364224	365257	211.3	139
EOG092R0OCV	Complete	chr9_A_Pgt	1870018	1870737	94.1	120
EOG092R0OD6	Complete	chr2_A_Pgt	693491	694440	180.1	163
EOG092R0ODM	Complete	chr1_A_Pgt	788263	789373	245.8	193
EOG092R0OEO	Complete	chr1_A_Pgt	4392390	4393618	270.8	178
EOG092R0OF7	Complete	chr5_A_Pgt	853866	855406	238.0	251
EOG092R0OFL	Complete	chr5_A_Pgt	3051636	3052672	271.7	205
EOG092R0OGR	Complete	chr4_A_Pgt	658741	660035	230.6	184
EOG092R0OHG	Complete	chr4_A_Pgt	2235951	2237082	219.9	119
EOG092R0OK7	Complete	chr12_A_Pgt	220227	221844	281.8	260
EOG092R0OKA	Complete	chr7_A_Pgt	1455577	1456676	317.5	152
EOG092R0OL6	Complete	chr16_A_Pgt	304375	306183	268.7	281
EOG092R0OLS	Complete	chr5_A_Pgt	1153343	1154184	248.8	130
EOG092R0OMN	Complete	chr11_A_Pgt	1432705	1433529	77.3	58
EOG092R0ON1	Complete	chr8_A_Pgt	2621378	2622394	153.6	128
EOG092R0ON6	Complete	chr3_A_Pgt	4966008	4972099	211.9	318
EOG092R0OPE	Complete	chr7_A_Pgt	2640320	2641284	275.8	161
EOG092R0OPW	Complete	chr2_A_Pgt	254904	255902	243.6	163
EOG092R0ORA	Complete	chr8_A_Pgt	3574876	3575815	172.3	97
EOG092R0OS3	Complete	chr5_A_Pgt	5198443	5199293	215.5	116
EOG092R0OSC	Fragmented	chr2_A_Pgt	2641766	2650585	71.3	92
EOG092R0OSR	Complete	chr4_A_Pgt	4936419	4937158	178.9	173
EOG092R0OTM	Complete	chr14_A_Pgt	1555542	1556571	183.3	115
EOG092R0OU7	Complete	chr5_A_Pgt	2276961	2277898	238.0	153
EOG092R0OV8	Complete	chr17_A_Pgt	219752	221049	170.4	297
EOG092R0OWP	Complete	chr1_A_Pgt	2951448	2952552	329.3	296
EOG092R0OX3	Complete	chr3_A_Pgt	5243753	5244654	305.6	140
EOG092R0OXH	Complete	chr2_A_Pgt	3996130	3997210	213.0	140
EOG092R0OY2	Complete	chr2_A_Pgt	1103973	1104712	181.4	84
EOG092R0OYG	Complete	chr10_A_Pgt	2330458	2331239	264.9	117
EOG092R0OYT	Complete	chr6_A_Pgt	2118156	2119023	192.5	128
EOG092R0OZ3	Complete	chr11_A_Pgt	1775952	1776773	254.0	127
EOG092R0OZA	Complete	chr7_A_Pgt	4382431	4383751	160.1	139
EOG092R0P02	Complete	chr1_A_Pgt	4795302	4796086	224.1	155
EOG092R0P0G	Complete	chr3_A_Pgt	1040193	1050327	193.1	114
EOG092R0P1X	Complete	chr14_A_Pgt	3173637	3174728	227.1	153
EOG092R0P2W	Complete	chr7_A_Pgt	612306	613484	160.3	185
EOG092R0P3V	Complete	chr7_A_Pgt	4661318	4662193	275.9	158
EOG092R0P4A	Complete	chr11_A_Pgt	1774672	1775548	325.8	182
EOG092R0P94	Complete	chr9_A_Pgt	83626	84263	279.8	150
EOG092R0P9N	Complete	chr6_A_Pgt	3729949	3730602	116.9	69
EOG092R0PCW	Complete	chr8_A_Pgt	1996764	1997511	278.1	144
EOG092R0PDZ	Complete	chr2_A_Pgt	5404860	5405546	229.7	128
EOG092R0PFK	Complete	chr12_A_Pgt	3278981	3281325	168.5	266
EOG092R0PG4	Complete	chr9_A_Pgt	2723883	2725013	294.1	146
EOG092R0PHD	Complete	chr1_A_Pgt	5585504	5586599	184.2	176
EOG092R0PI7	Complete	chr5_A_Pgt	4784514	4787000	164.3	149
EOG092R0PJV	Duplicated	chr13_A_Pgt	3456951	3457620	162.7	127
EOG092R0PJV	Duplicated	chr13_A_Pgt	3476138	3476807	162.7	127
EOG092R0PJV	Duplicated	chr13_A_Pgt	3497721	3498389	162.7	127
EOG092R0PLB	Complete	chr10_A_Pgt	4268449	4269154	149.8	80
EOG092R0PM2	Duplicated	chr5_A_Pgt	3834147	3834847	250.4	142
EOG092R0PM2	Duplicated	chr5_A_Pgt	3835145	3835843	249.9	142
EOG092R0POC	Complete	chr4_A_Pgt	2605815	2606685	210.5	116
EOG092R0POK	Complete	chr8_A_Pgt	261871	267775	94.5	113
EOG092R0PP6	Complete	chr16_A_Pgt	2709165	2710683	152.7	229
EOG092R0PRT	Complete	chr4_A_Pgt	1154381	1155474	226.4	125
EOG092R0PS1	Complete	chr5_A_Pgt	5149805	5151680	181.6	188
EOG092R0PSF	Complete	chr17_A_Pgt	2065045	2066122	207.1	152
EOG092R0PTM	Complete	chr4_A_Pgt	4554613	4555404	147.0	101
EOG092R0PUB	Complete	chr13_A_Pgt	3223995	3224818	216.0	148
EOG092R0PV2	Complete	chr10_A_Pgt	3918385	3923134	395.9	471
EOG092R0PW1	Complete	chr4_A_Pgt	1256897	1257804	97.5	86
EOG092R0PX3	Complete	chr4_A_Pgt	4552390	4553334	166.0	73
EOG092R0PY9	Complete	chr7_A_Pgt	3332509	3333267	255.6	123
EOG092R0PZ7	Complete	chr2_A_Pgt	3027985	3029947	136.7	101
EOG092R0Q0D	Complete	chr15_A_Pgt	3366248	3367357	301.3	203
EOG092R0Q27	Duplicated	chr12_A_Pgt	349538	351029	238.0	237
EOG092R0Q27	Duplicated	chr18_A_Pgt	58541	60350	207.5	228
EOG092R0Q2F	Complete	chr14_A_Pgt	3201194	3202056	280.9	140
EOG092R0Q2I	Duplicated	chr2_A_Pgt	5263548	5264128	133.7	81
EOG092R0Q2I	Duplicated	chr5_A_Pgt	670431	671091	133.7	81
EOG092R0Q2I	Duplicated	chr7_A_Pgt	348328	349060	152.9	81
EOG092R0Q3E	Complete	chr11_A_Pgt	4169028	4170161	233.0	178
EOG092R0Q42	Fragmented	chr9_A_Pgt	4063591	4073869	324.8	263
EOG092R0Q48	Complete	chr1_A_Pgt	390249	390842	230.4	121
EOG092R0Q53	Complete	chr6_A_Pgt	5432670	5433563	257.8	158
EOG092R0Q6A	Complete	chr10_A_Pgt	4539695	4540602	159.6	116
EOG092R0QBJ	Complete	chr12_A_Pgt	1291972	1293087	197.3	126
EOG092R0QDF	Complete	chr8_A_Pgt	4259479	4260086	246.1	121
EOG092R0QDM	Complete	chr4_A_Pgt	4513789	4516696	142.6	87
EOG092R0QEF	Complete	chr6_A_Pgt	1288547	1298925	221.6	176
EOG092R0QEI	Complete	chr1_A_Pgt	3285369	3286075	162.9	112
EOG092R0QEP	Missing
EOG092R0QFH	Complete	chr8_A_Pgt	4260543	4261353	218.0	115
EOG092R0QFT	Missing
EOG092R0QHV	Complete	chr16_A_Pgt	813910	814588	176.1	110
EOG092R0QK3	Complete	chr3_A_Pgt	1046880	1047830	144.3	103
EOG092R0QL1	Complete	chr13_A_Pgt	3446862	3447643	173.9	131
EOG092R0QLK	Complete	chr9_A_Pgt	2375123	2375683	124.2	90
EOG092R0QMM	Complete	chr6_A_Pgt	5106327	5111662	115.3	102
EOG092R0QTB	Complete	chr1_A_Pgt	1238013	1239185	253.1	152
EOG092R0QTE	Complete	chr18_A_Pgt	122654	123427	178.3	110
EOG092R0QU9	Complete	chr4_A_Pgt	1838388	1839680	220.0	252
EOG092R0QZ2	Complete	chr1_A_Pgt	5264208	5264798	182.3	97
EOG092R0QZP	Complete	chr2_A_Pgt	4043446	4044777	154.0	77
EOG092R0QZV	Complete	chr6_A_Pgt	949792	950449	194.0	110
EOG092R0R5K	Complete	chr13_A_Pgt	495490	495953	234.0	120
EOG092R0R64	Complete	chr1_A_Pgt	4403203	4404032	164.9	93
EOG092R0R6X	Complete	chr4_A_Pgt	1743228	1744654	155.2	207
EOG092R0R7X	Complete	chr10_A_Pgt	422642	423455	178.8	109
EOG092R0R8A	Complete	chr18_A_Pgt	1039947	1041403	354.6	341
EOG092R0R9X	Complete	chr5_A_Pgt	2685465	2686112	105.5	89
EOG092R0RAU	Complete	chr16_A_Pgt	1723123	1723934	107.0	92
EOG092R0RCZ	Complete	chr12_A_Pgt	3804859	3805898	260.1	130
EOG092R0RE8	Complete	chr2_A_Pgt	5264790	5266023	199.6	150
EOG092R0RF0	Complete	chr9_A_Pgt	3540640	3542573	136.5	216
EOG092R0RFG	Complete	chr1_A_Pgt	100647	101278	183.3	104
EOG092R0RHJ	Complete	chr5_A_Pgt	3116073	3116869	174.9	101
EOG092R0RJ1	Missing
EOG092R0RKF	Complete	chr4_A_Pgt	5355922	5356584	128.6	122
EOG092R0RQ8	Complete	chr12_A_Pgt	1304000	1305194	166.9	134
EOG092R0RRQ	Complete	chr2_A_Pgt	448505	449078	166.6	96
EOG092R0RRV	Complete	chr16_A_Pgt	2666519	2667150	97.9	68
EOG092R0RU6	Complete	chr13_A_Pgt	140539	141265	183.4	99
EOG092R0RUI	Complete	chr14_A_Pgt	1002573	1003243	179.4	102
EOG092R0RWL	Complete	chr14_A_Pgt	1038775	1039364	282.0	133
EOG092R0RYU	Duplicated	chr14_A_Pgt	2045388	2046536	176.9	144
EOG092R0RYU	Duplicated	chr14_A_Pgt	2061182	2062330	176.9	144
EOG092R0S3G	Complete	chr1_A_Pgt	1737650	1738760	244.0	140
EOG092R0S60	Complete	chr12_A_Pgt	1981473	1982258	136.7	77
EOG092R0S9A	Complete	chr8_A_Pgt	4320237	4322501	148.9	80
EOG092R0SCK	Complete	chr17_A_Pgt	923688	924462	159.0	141
EOG092R0SDT	Complete	chr14_A_Pgt	3200196	3200780	153.0	82
EOG092R0SE7	Complete	chr2_A_Pgt	4518448	4519318	126.2	69
EOG092R0SH7	Complete	chr8_A_Pgt	797904	798594	201.2	107
EOG092R0SHK	Complete	chr9_A_Pgt	682804	683514	132.0	74
EOG092R0SLY	Complete	chr8_A_Pgt	4997761	5006854	190.6	389
EOG092R0SNN	Complete	chr14_A_Pgt	130367	131169	139.1	96
EOG092R0STQ	Complete	chr1_A_Pgt	5579146	5579858	78.6	64
EOG092R0SVK	Complete	chr9_A_Pgt	1313404	1313952	118.5	90
EOG092R0T9R	Complete	chr2_A_Pgt	5744440	5744983	171.8	83
EOG092R0TG6	Complete	chr6_A_Pgt	3845693	3846185	134.5	63
